order_id,customer_id,sku,status,amount,currency,order_ts
 O001948,  C0043 , Sku002 ,  PENDING , 107.89 , Nzd  ,2026-09-02 06:13:41
 O001539 , C0082 , SKU017  ,  Pending, 648.35 ,AUD,02/09/2026 06:56:46
O001606  ,  C0081  ,  SKU003 ,shipped  ,$653.53, aud,02/09/2026 19:50:37
 O001815 , c0223  , sku004,  delivered ,1218.84,aud  ,02/09/2026 13:56:10
 O001034,  C0029  ,  sku007 ,PENDING  ,$100.35,USD,02/09/2026 09:24:02
  O001952,c0253  ,  SKU014,  Shipped  ,"$1,188.69", AUD,02/09/2026 12:23:32
 O001799 ,  C0134,SKU006, Shipped  ,$834.32, Aud ,2026-09-02 20:14:54
 O001774,C0219,sku006 , shipped  ,468.0,  AUD ,2026-09-02 17:40:00
  O001436 ,  c0233 , SKU006  ,  Delivered, 1372.92 ,AUD,02/09/2026 04:31:19
o001257  ,  C0154 , Sku009 , SHIPPED  , 1189.78 ,  nzd ,02/09/2026 08:30:45
 O001848  ,c0143, Sku010 ,  Delivered  ,841.05,  Aud,2026-09-02 19:14:08
 O001583,  C0116  , sku001 ,  delivered ,1494.27,  NZD  ,02/09/2026 09:52:28
  O001376  ,  c0240 ,Sku002 ,  Delivered ,13.23,Nzd,2026-09-02 17:05:09
 O001813,  C0172, sku011, delivered  ,992.13,AUD ,2026-09-02 02:55:20
 O001332  ,  C0191 ,  sku015 ,pending ,579.9,USD ,2026-09-02 00:04:39
 O001613 ,  C0289  ,  sku014, pending , 893.97 ,  Aud,02/09/2026 09:49:07
 o001421 ,C0295  , SKU012 , PENDING  , 175.36 ,  USD,2026-09-02 08:31:27
O001507  ,  C0191 ,  sku003  ,  Delivered ,$225.44,  Usd  ,02/09/2026 14:22:43
  O001575 ,  C0089,SKU015 , delivered , 402.88 ,Aud ,02/09/2026 09:08:42
 o001422  ,  c0138  ,  Sku003 ,Shipped , 1233.26 ,AUD ,02/09/2026 14:46:10
 O001189 ,  C0235, SKU010  , DELIVERED  , 986.98 ,  USD ,02/09/2026 13:13:21
o001223,  C0167 ,SKU018 ,PENDING , 214.64 ,  Usd  ,02/09/2026 13:36:39
 O001408 , C0020 ,SKU016  ,  shipped , 440.05 ,USD  ,02/09/2026 23:10:18
 O001081  ,  C0233  , Sku008 ,delivered,$959.66,  aud ,2026-09-02 17:12:00
 O001225 ,c0137  , Sku004 , shipped ,$348.64,nzd  ,2026-09-02 03:12:58
O001576  ,C0221,  sku011  ,  SHIPPED  , 229.30 ,Aud  ,2026-09-02 05:08:19
 O001661 , C0065 ,sku015,  shipped  ,799.79, aud,2026-09-02 03:17:38
O001829 ,C0107 ,  SKU019,shipped  ,$549.47,  Aud ,2026-09-02 18:20:41
  O001441,C0174 ,  SKU008,shipped  , 328.08 ,  USD,2026-09-02 21:00:41
 o001434  ,  c0024 ,  Sku004, PENDING  , 923.25 ,usd ,2026-09-02 21:13:55
 O001740  ,  C0160 ,SKU006  ,  delivered  ,260.27,  Nzd ,02/09/2026 09:41:39
  O001684 ,  C0197  ,SKU015 ,pending  ,954.7,  USD  ,2026-09-02 04:42:38
o001819 , C0297, Sku015 ,shipped,904.01,  aud ,02/09/2026 17:39:34
O001570,C0180  ,  SKU002 , Delivered ,"$1,220.27", usd  ,2026-09-02 14:18:14
o001734 ,c0045 ,  sku005  ,  shipped ,471.47,  usd  ,2026-09-02 02:31:51
  o001485  , c0274 ,  Sku014 ,  Shipped  ,"$1,078.45",  AUD,02/09/2026 12:53:14
 O001611 ,C0197,  Sku010,Shipped  ,"$1,144.90",  NZD,2026-09-02 08:49:10
O001851 ,  C0130  ,  SKU013,  pending , 361.13 , Aud,2026-09-02 19:53:03
 o001328  , C0227 ,  Sku020, delivered  ,492.91,  USD  ,02/09/2026 03:22:59
  o001058  ,  C0164 , SKU019  ,Delivered ,723.67,  Aud,02/09/2026 13:10:01
O001174  , C0276  ,Sku020,  PENDING  , 469.49 , USD  ,2026-09-02 07:52:42
  o001696 ,  C0008  , Sku017, pending , 632.43 , Nzd,02/09/2026 16:17:34
 O001323, C0183, sku001  ,delivered,"$1,482.80",  Nzd,2026-09-02 21:08:11
  O001898  ,  c0276 ,  sku008,  SHIPPED, 876.88 , NZD ,2026-09-02 14:12:56
 O001312 ,C0206,  Sku013  , pending ,$330.76,AUD  ,2026-09-02 21:51:35
O001394, C0083,SKU010,  delivered ,$36.43,nzd  ,2026-09-02 19:12:06
  O001525  ,c0119,  SKU010  , Delivered, 745.73 ,USD,02/09/2026 08:53:03
 O001808 ,  C0004  , SKU013 ,delivered ,26.69,Usd ,2026-09-02 21:37:15
 O001387  ,C0234  , SKU008 ,  delivered,172.86,  NZD  ,2026-09-02 20:13:33
  O001038,  C0048,  Sku001,  shipped ,"$1,343.07",  aud ,2026-09-02 19:10:01
O001386 ,C0040, sku005, pending , 910.89 ,  Aud,2026-09-02 03:03:33
 O001479  , C0257,SKU015 , delivered ,$382.02,  AUD,02/09/2026 07:26:17
 o001969 , C0201,  Sku015, shipped ,328.26,  AUD ,2026-09-02 14:09:53
 O001742  ,  C0235  , Sku005,  Delivered  ,$92.64,nzd  ,2026-09-02 03:38:21
 o001693,  C0295  ,  sku010  ,  Pending,1333.94,Aud ,02/09/2026 20:54:52
  O001472,  c0170 , SKU003 , PENDING ,"$1,305.39", NZD,2026-09-02 16:59:31
 O001811,  C0010,sku014 ,pending  ,$875.36,  USD  ,02/09/2026 11:06:18
  O001192, C0273 ,  sku001,  Pending,1327.47,AUD ,02/09/2026 05:22:52
  O001777  ,  c0077 ,  Sku005  , PENDING,"$1,294.64", Usd  ,2026-09-02 18:36:53
 O001701  ,  C0245,Sku016  ,delivered  ,1022.1,Nzd ,2026-09-02 09:19:20
O001163  ,C0193  , Sku002 ,  shipped,1373.37,  Aud  ,02/09/2026 07:07:38
 O001011  ,C0151 , SKU001 , Shipped  ,638.69,  nzd,2026-09-02 06:28:08
O001159 , C0208 ,Sku006 , DELIVERED,"$1,119.99",NZD ,02/09/2026 07:13:34
O001378  , C0050 ,sku019  ,Shipped , 314.63 ,  nzd  ,2026-09-02 12:54:10
O001201  ,C0023, Sku008  ,delivered ,"$1,005.76",  Aud ,02/09/2026 06:06:02
 O001659,  C0257 ,  SKU010, Pending  ,"$1,330.59", nzd ,02/09/2026 15:09:47
 o001003,  C0208  , sku002, shipped, 1045.23 ,  AUD,2026-09-02 14:23:15
 O001513,  C0041  , sku015,  pending, 1193.37 , NZD ,2026-09-02 01:05:34
 o001971  ,  C0045 ,Sku020 ,  PENDING  , 461.94 , Nzd ,2026-09-02 02:11:29
  O001067 ,C0116  ,  SKU011, DELIVERED  ,1069.26, Nzd  ,02/09/2026 20:40:19
  O001706, C0246, SKU008  , shipped,$942.83,nzd ,02/09/2026 22:56:04
 O001897  ,  C0058  ,  SKU012  ,  DELIVERED  ,106.43,Nzd ,not-a-date
o001590,  C0253  ,sku016,  shipped ,1155.63,Nzd,02/09/2026 16:36:07
  o001341 ,c0097 , sku019,delivered, 1141.08 ,  AUD  ,2026-09-02 08:25:23
 O001526  ,C0007,SKU012 ,  pending, 191.40 ,nzd  ,02/09/2026 19:43:03
 O001093 ,C0256 , SKU020  , Pending ,988.85,AUD,2026-09-02 02:28:52
  O001398 , c0161, Sku020  ,  Shipped, 1073.99 ,usd  ,02/09/2026 11:19:34
O001209 , C0102  ,  Sku011  ,  Delivered  ,689.2, nzd ,02/09/2026 04:42:27
  o001353  ,c0231  , SKU010 ,Pending, 678.34 ,nzd,02/09/2026 08:41:34
  O001433  ,  c0169  ,  Sku012 ,  Shipped  ,"$1,432.99", NZD  ,02/09/2026 22:29:13
 o001683  , c0245, SKU005 , Shipped, 588.56 , AUD  ,02/09/2026 09:50:28
O001536  ,  C0004 , sku007 ,PENDING  ,"$1,442.39",Aud,02/09/2026 05:17:30
O001570,C0180  ,  SKU002 , Delivered ,"$1,220.27", usd  ,2026-09-02 14:18:14
  O001327 , c0096, sku010  ,  PENDING,1115.06,  Aud ,02/09/2026 14:44:12
o001259 ,  c0293 ,sku019,  shipped ,586.73,Usd,2026-09-02 14:19:08
 O001510 ,  C0007  ,sku014  ,pending, 524.40 ,aud  ,2026-09-02 17:07:42
 O001354 ,  C0103,  Sku002  , SHIPPED, 571.81 ,USD  ,02/09/2026 09:15:14
 O001149  , C0293  ,SKU007, DELIVERED ,1246.38,USD  ,02/09/2026 17:47:56
 O001633 , c0280 , SKU010 ,shipped ,905.3, NZD,2026-09-02 06:34:35
 O001635 ,C0173 ,sku016 , delivered,"$1,399.46", Aud ,02/09/2026 01:20:26
O001827  ,  C0041  , SKU009 ,SHIPPED  ,$295.13, USD  ,2026-09-02 03:24:39
 O001215  ,C0243,Sku003 ,shipped, 323.87 ,AUD  ,02/09/2026 22:41:51
 O001031 ,C0043, SKU018,PENDING,1023.89,  usd ,02/09/2026 14:47:32
  o001077,c0188  ,SKU009 ,Delivered ,$18.67, USD ,2026-09-02 21:58:19
O001249  ,  C0272  ,  Sku012  ,  PENDING, 308.65 ,  USD ,2026-09-02 04:50:04
 O001147  ,  C0044, SKU011  ,SHIPPED  , 1054.61 , nzd,2026-09-02 21:37:14
O001378  , C0050 ,sku019  ,Shipped , 314.63 ,  nzd  ,2026-09-02 12:54:10
O001631  , C0152 ,  SKU006  , pending  ,410.4, Nzd  ,02/09/2026 23:09:28
 O001568 ,C0013 ,SKU010  ,delivered,769.05,  Aud,2026-09-02 22:54:14
 o001309, C0226  ,  sku017  , shipped  ,$405.55, USD,2026-09-02 07:08:46
 O001302  ,  C0207 , SKU019,DELIVERED ,$282.23, AUD,2026-09-02 22:06:22
O001381,  C0157 ,  sku020,  SHIPPED, 360.19 ,AUD  ,2026-09-02 03:49:42
 o001852 ,  C0241 ,Sku012,Delivered  , 162.15 ,Aud ,2026-09-02 20:57:40
  O001785 ,  c0092, SKU005,pending,467.24, USD,02/09/2026 11:03:33
 O001755 ,C0084  ,  SKU017, Pending  ,"$1,177.47", usd  ,2026-09-02 05:59:46
o001931 ,C0014  ,SKU017  ,delivered , 1236.74 , USD  ,2026-09-02 20:39:17
  O001090  ,  c0067 ,Sku006  ,  PENDING ,$375.91,Aud  ,02/09/2026 02:44:11
 O001446 , C0217  ,Sku007 , shipped  , 1463.28 ,USD ,02/09/2026 12:27:20
O001807,  C0131  ,SKU012,shipped , 767.77 ,nzd  ,02/09/2026 10:34:30
  o001712,C0247,SKU002  ,pending, 1262.66 ,Aud,2026-09-02 00:12:26
 O001078,C0130  ,SKU013, pending  ,$328.86,  Usd  ,2026-09-02 12:34:00
  O001707 , C0081  ,  Sku014 ,  PENDING  , 927.23 ,  nzd,02/09/2026 05:18:15
  O001861  ,c0233 ,  SKU011 ,  shipped ,369.56, aud  ,2026-09-02 09:22:06
O001850  , c0232 ,  SKU005 , delivered ,452.33,  NZD,2026-09-02 12:30:34
 O001560,C0218 , sku019  , Pending,$154.00, USD ,02/09/2026 11:39:39
o001788  ,C0259 , SKU007  ,  shipped,743.97,  usd ,02/09/2026 04:16:28
,  C0137, SKU004  , pending ,1426.07, Usd  ,02/09/2026 23:39:44
  O001315, C0270,sku004  , DELIVERED ,1287.46,  Nzd ,2026-09-02 19:30:26
O001265,C0286 ,sku012,shipped  ,$737.12,AUD ,02/09/2026 03:41:32
  O001986 ,C0109,SKU011,  PENDING  ,$648.01,  AUD  ,2026-09-02 17:35:49
O001714, C0043  ,  SKU011 ,  Delivered , 365.91 ,Usd ,2026-09-02 02:33:01
o001566  , C0236, SKU004 , shipped, 487.75 ,USD ,2026-09-02 14:36:39
  O001099 ,  c0223 ,Sku015  , delivered,$260.26, nzd  ,02/09/2026 09:23:21
 O001890  ,C0153 ,  sku004, PENDING ,$819.80, AUD  ,2026-09-02 09:05:31
  O001516  ,C0150  , SKU018, Delivered , 111.16 , Usd  ,2026-09-02 12:56:41
 O001531  ,  C0108, Sku014 ,delivered ,$568.97,  aud ,02/09/2026 17:47:48
O001203, C0117 ,SKU008 , DELIVERED  ,957.68,  nzd  ,02/09/2026 12:37:56
  O001764  ,  C0138,Sku004  ,pending , 1210.33 ,usd ,2026-09-02 19:51:19
 O001506  , c0299,Sku010,  SHIPPED ,849.81,Aud,2026-09-02 15:18:45
 O001759, c0118,  Sku009, pending  ,"$1,481.99",USD  ,02/09/2026 13:47:43
  O001867 ,C0010,Sku015  , Pending  , 514.18 , Nzd,2026-09-02 15:16:31
O001344  ,C0002 ,  SKU019 ,delivered,1349.86,  usd  ,02/09/2026 04:21:05
 o001009 ,c0029  ,SKU017  , SHIPPED ,$580.16, Aud  ,2026-09-02 02:46:13
 O001600,  C0088 , SKU010 ,  Pending  , 554.27 , Aud,2026-09-02 15:24:29
  O001002  , C0079  ,  SKU005  , Delivered,1166.46,  NZD,2026-09-02 12:27:09
O001238,  C0287, SKU018 ,  pending ,$949.89, Aud  ,2026-09-02 12:24:07
o001070, C0163,  SKU009 ,shipped  , 1387.03 ,  NZD  ,2026-09-02 03:58:56
 O001254  ,  C0237,  Sku007 ,  shipped, 1057.60 ,  USD,2026-09-02 06:46:04
O001916 ,C0239, SKU009 ,pending  , 501.42 ,AUD ,2026-09-02 10:18:12
 O001222 ,  C0094  ,SKU007 ,  delivered ,325.59,NZD  ,02/09/2026 01:06:53
 o001180 ,c0132 ,  SKU011  , pending , 544.60 , Aud ,02/09/2026 07:55:10
O001186,  C0179, Sku010  , Pending  , 711.91 ,  Usd  ,2026-09-02 22:49:05
O001800 ,  C0030, SKU005 ,pending  ,321.13,  usd,2026-09-02 04:50:23
 O001270 , c0209 ,sku002 ,  shipped,"$1,053.10",Usd  ,02/09/2026 22:15:09
 O001779  , C0100,  SKU007, Delivered  ,$680.13,  NZD,2026-09-02 05:30:42
 O001559, C0129 ,sku001,DELIVERED  ,$706.80,  Nzd ,2026-09-02 14:37:00
  o001956 , C0276 , Sku008, delivered,$592.31,  usd  ,2026-09-02 07:12:10
 o001760  ,  C0169 ,  SKU020  ,  SHIPPED, 440.81 ,  USD,02/09/2026 11:44:54
O001298,  c0094  ,Sku014 , Pending  , 1226.28 ,aud  ,02/09/2026 21:20:39
  o001271  , C0135 ,  SKU011 ,shipped  , 650.00 , NZD  ,2026-09-02 20:17:52
  O001638, C0064  ,SKU007,pending  ,289.35, nzd,02/09/2026 05:38:25
 O001091  , C0040 , SKU009,SHIPPED  ,1208.93, AUD,02/09/2026 20:39:28
 O001599 , C0039  ,  Sku006 , pending, 47.68 , USD,2026-09-02 15:02:04
O001324  ,  c0285  ,SKU013,  delivered,"$1,168.32",AUD,2026-09-02 22:25:48
 O001266  , C0038 ,SKU016  ,  Shipped,546.73,  NZD,02/09/2026 20:13:52
  O001329 ,C0128  ,  Sku003, Pending  ,497.43, Nzd ,02/09/2026 15:54:59
o001006  ,C0093 ,SKU010  , Shipped , 976.73 ,AUD  ,2026-09-02 23:31:56
 O001128,c0156,  SKU016, shipped,$841.62,nzd  ,02/09/2026 07:41:51
  O001746  , c0230 , SKU010 ,pending , 1455.87 ,  nzd ,2026-09-02 05:03:27
O001804,  c0167,sku003,SHIPPED  ,470.53, Aud,02/09/2026 20:58:42
 O001749  ,  C0185 , SKU013,  DELIVERED , 747.36 ,  NZD ,2026-09-02 23:21:12
 O001511  ,C0082  ,sku016  , PENDING , 30.64 ,AUD  ,02/09/2026 04:38:26
 o001691,  C0081 , sku008 , Pending ,$877.16, AUD  ,02/09/2026 14:38:11
 o001227 ,c0086  ,  Sku013,delivered ,1123.27,Usd ,02/09/2026 12:07:06
 O001744  , c0051, sku008  ,  pending ,1101.79,USD,2026-09-02 07:17:31
  O001164  ,c0054  ,  sku011  ,  Pending  ,$592.74,  USD ,2026-09-02 01:46:15
 o001088  , c0047  , Sku005,  shipped  ,$517.42, USD,2026-09-02 17:33:48
 O001295  , C0269 ,  SKU013  , Shipped  ,1200.94, Aud  ,02/09/2026 13:59:53
 O001158  , C0170  ,  Sku012 , shipped  , 1048.10 ,  AUD  ,2026-09-02 05:55:18
  O001316 , c0270 , Sku003,pending  ,"$1,358.18",  nzd  ,2026-09-02 21:32:41
 O001176  ,C0020,Sku002  ,  SHIPPED,877.28,  AUD  ,02/09/2026 07:36:05
  O001445 ,C0227,SKU013  ,DELIVERED,751.84,  USD,2026-09-02 11:37:10
O001689  , C0031 ,  SKU003  ,  delivered  , 796.93 , AUD  ,02/09/2026 17:07:51
  o001423  ,  C0194  , Sku004 ,  Shipped ,"$1,181.41",  NZD  ,02/09/2026 09:00:43
O001941,  c0021  ,  Sku009 , Shipped,1451.74, Usd ,2026-09-02 02:43:55
  O001695,c0235 ,sku014 ,PENDING , 1042.22 ,  Nzd ,2026-09-02 14:34:25
  O001012 ,c0186 ,sku010 ,shipped  ,428.57,  aud ,2026-09-02 20:27:45
,C0272 , SKU020 ,  shipped , 1345.41 ,  Aud ,2026-09-02 18:29:02
O001267,C0199  ,  SKU019,  SHIPPED  ,1414.96,  NZD  ,02/09/2026 15:37:52
O001795 , C0197  ,  sku017 ,shipped ,$779.49,  AUD,2026-09-02 05:31:58
  o001054  ,C0070  ,  SKU002  , Delivered  , 501.14 ,  USD ,02/09/2026 07:30:28
o001906,C0214, SKU008  , delivered, 962.49 , NZD  ,2026-09-02 11:11:30
  O001869,C0086  ,SKU002,shipped ,$448.91,Aud  ,02/09/2026 09:17:55
O001123,C0194, SKU006,  Delivered , 507.23 ,Aud,02/09/2026 16:28:09
  o001593 ,  C0223,  SKU007  ,Delivered, 623.15 ,  usd,2026-09-02 02:51:19
  O001106  ,  C0222, sku015,  PENDING , 1217.70 ,  NZD ,2026-09-02 09:44:40
o001389, c0028  ,  sku015 , shipped ,114.83, USD  ,2026-09-02 12:55:45
 O001362, c0097 , sku010,SHIPPED,556.04,  nzd ,2026-09-02 01:56:14
  o001524 ,C0265,  SKU002  , shipped,24.15, nzd ,02/09/2026 03:17:58
O001679 ,  C0226,  SKU016  ,  SHIPPED ,26.23,AUD  ,02/09/2026 08:28:12
 O001919,  c0027 ,SKU005 ,shipped  , 1487.56 ,USD ,02/09/2026 12:09:12
O001726  ,C0011  ,  SKU013 ,shipped  , 404.54 , USD ,02/09/2026 22:18:05
 O001955, C0048  ,  SKU004, Delivered  ,$654.87,NZD  ,02/09/2026 12:07:06
  O001388,C0201  , sku005,  DELIVERED , 544.46 , Aud,02/09/2026 10:09:19
 o001929,C0101,  SKU018,shipped  , 1112.64 ,usd  ,2026-09-02 10:56:56
 o001287 , C0106,Sku004, Delivered ,1098.56,Nzd,2026-09-02 19:07:40
  O001997,  c0002,  SKU002  ,delivered , 773.51 ,nzd  ,02/09/2026 13:01:39
O001579,C0114 ,  Sku011 ,delivered  , 778.77 ,USD ,02/09/2026 23:55:52
  O001240  ,  C0011,SKU015 ,  pending  , 1216.68 , AUD  ,2026-09-02 17:44:46
 O001230  ,c0016,  sku020  ,delivered  , 130.30 , Usd,2026-09-02 13:07:59
  O001277,  c0064  , SKU001,  Pending,130.54,  usd,02/09/2026 05:20:52
o001894, C0023 , sku013,  delivered ,1242.69,  NZD,02/09/2026 22:01:41
  O001863,  C0129 , SKU009  ,DELIVERED , 821.93 ,  AUD,02/09/2026 11:39:57
 O001704 ,  c0135 ,SKU002  ,shipped, 105.05 , AUD  ,2026-09-02 03:53:41
O001597  , C0102, SKU002, Delivered  ,$175.11,  Nzd ,02/09/2026 04:31:31
 O001440 ,C0113 , sku016  , shipped,533.83, NZD ,02/09/2026 09:21:58
O001730,  c0082,sku017 ,delivered,$753.56,aud ,02/09/2026 00:05:49
 O001296, C0232,SKU006 ,  Pending  ,$877.30,Aud ,2026-09-02 14:21:35
O001784,C0246,sku016  ,Pending ,"$1,027.20",  usd  ,02/09/2026 11:44:04
o001456,c0268  ,  Sku016  ,Delivered, 1450.55 , usd,02/09/2026 09:53:50
  o001415 , C0023, Sku010, pending  ,"$1,243.78",USD ,2026-09-02 15:56:15
  o001087, C0118  ,  sku009, shipped  ,570.49, Nzd,2026-09-02 14:36:17
  O001607  ,  c0187 , SKU011,SHIPPED  , 901.25 ,  USD,2026-09-02 05:38:54
O001151,  C0296  ,SKU006,Pending  , 381.36 , Usd ,2026-09-02 23:12:37
 O001868 , C0283 ,  SKU002, Pending  , 200.84 , usd ,02/09/2026 17:40:53
o001639 ,  C0295  ,  SKU012 ,  PENDING,"$1,394.81",Nzd ,02/09/2026 22:52:49
  O001675 ,  c0055  ,SKU001,SHIPPED,$494.28,NZD  ,2026-09-02 13:34:44
O001035,  c0080 ,sku016,shipped, 444.90 ,AUD ,02/09/2026 03:10:23
O001520  ,  C0253  ,SKU018, Shipped ,"$1,492.88",Aud ,2026-09-02 15:57:34
 O001292 ,  C0107 , Sku014 , PENDING  , 1364.66 ,Aud,02/09/2026 14:20:26
O001238,  C0287, SKU018 ,  pending ,$949.89, Aud  ,2026-09-02 12:24:07
O001725 , C0078  ,Sku019,SHIPPED , 1314.31 , nzd,02/09/2026 12:38:30
 O001144 , C0224,SKU020,  pending  , 637.07 ,  AUD,02/09/2026 06:53:28
o001927 , C0209,SKU016  ,  delivered,430.96,Nzd,02/09/2026 19:33:52
  O001241 ,c0080 ,  sku014 , Delivered ,1084.64, NZD ,02/09/2026 19:41:27
o001112, C0211 , SKU005,DELIVERED , 1008.01 ,  Aud ,02/09/2026 19:31:53
o001636  ,C0257  ,  Sku005, Delivered, 1354.68 ,  USD,02/09/2026 15:04:35
  O001250  ,C0085 , SKU004 ,  Delivered  ,766.18, USD  ,02/09/2026 21:10:38
O001252  ,  c0181 ,sku019, pending  ,$365.29, nzd ,02/09/2026 16:05:03
O001358  , c0065 ,  SKU010,DELIVERED  ,454.81,  aud,2026-09-02 11:37:26
 O001771, C0278 , SKU005 , pending ,$135.74,  NZD ,2026-09-02 04:19:03
 O001747  ,c0090 ,SKU020 ,delivered  ,$860.11, AUD  ,02/09/2026 01:59:46
 O001273, C0193 ,  SKU017  ,Delivered, 874.93 ,  nzd  ,2026-09-02 00:31:17
 O001870  , C0037 ,SKU013 , PENDING,1208.78, Usd ,2026-09-02 09:11:58
  O001790,C0278 ,  SKU006  ,  Delivered, 570.43 ,Usd  ,02/09/2026 13:18:02
 O001835  ,  C0150,  Sku003 ,  delivered , 621.09 ,usd ,02/09/2026 19:58:49
O001973 ,  C0199 ,  sku006 , DELIVERED  , 556.64 ,  nzd,02/09/2026 09:10:06
  O001019 ,  C0114  ,SKU001 ,pending  ,"$1,260.33", Usd ,2026-09-02 00:47:28
  O001558, c0231 ,  sku015 ,  DELIVERED , 415.36 ,AUD  ,2026-09-02 21:25:31
 O001488  ,c0045  ,SKU002 ,delivered  ,$752.11,  aud  ,02/09/2026 04:42:57
  o001018,C0276  ,  sku011,  Pending,1498.49,Usd ,2026-09-02 15:34:36
  o001561,  c0082  ,  SKU018 ,shipped  ,$831.18,  aud  ,2026-09-02 05:13:38
 o001120 ,c0247  , SKU005 ,  pending  , 1278.61 ,  AUD  ,02/09/2026 05:13:38
O001392  , C0255,SKU002,Delivered  ,390.37,  usd ,02/09/2026 19:58:27
  o001405  , c0136  ,SKU019 ,  PENDING, 1089.69 ,  Nzd ,02/09/2026 12:14:16
 O001046 ,  C0253,  sku001  ,PENDING  , 386.00 ,  USD  ,02/09/2026 18:35:16
 O001982 ,C0201 ,SKU010  ,  PENDING,367.95,NZD,2026-09-02 07:09:08
  O001044, C0144,  sku016  ,  DELIVERED, 417.81 , usd,2026-09-02 16:16:57
  O001934, C0138  ,  SKU018,  DELIVERED  ,1110.7,  aud  ,02/09/2026 23:31:54
 O001740  ,  C0160 ,SKU006  ,  delivered  ,260.27,  Nzd ,02/09/2026 09:41:39
 O001299 , C0211  , Sku009  ,  Delivered  ,1325.91, Nzd  ,2026-09-02 01:51:32
 o001413  ,C0068,SKU008  , pending,115.85,aud ,02/09/2026 11:56:12
  O001937,  c0031 ,  SKU007,pending  ,$109.58,  NZD,02/09/2026 05:26:16
  O001100 , C0115 ,Sku017  ,  shipped ,$972.44,  USD,2026-09-02 05:42:17
O001385  ,  C0119  , Sku020 , Delivered, 636.63 ,  NZD ,2026-09-02 16:54:10
o001789,  C0222 , sku011  , pending  ,$251.17,  NZD ,02/09/2026 00:14:10
O001043,  C0261,  Sku017,shipped,1092.82,  NZD ,02/09/2026 13:52:07
O001043,  C0261,  Sku017,shipped,1092.82,  NZD ,02/09/2026 13:52:07
  O001676, C0128,  sku017 , PENDING  , 1330.07 ,NZD,2026-09-02 17:16:35
O001279  , c0078  , Sku010 , DELIVERED, 1460.22 ,  aud  ,02/09/2026 12:31:03
 o001004  ,C0241  ,  sku020,  PENDING, 783.41 , Nzd  ,2026-09-02 12:17:39
 O001669,  C0079,  SKU013 ,  delivered  , 759.47 ,Nzd  ,2026-09-02 14:26:39
  o001786,  C0069,  SKU005  ,  pending ,"$1,379.26",nzd  ,02/09/2026 17:42:23
  O001133  ,  c0144 , SKU015, PENDING, 1426.02 ,NZD ,02/09/2026 14:33:49
  O001325  ,  C0105,Sku006 ,pending,$245.16,  AUD  ,2026-09-02 10:22:40
O001853,C0226  ,Sku017 , Pending, 107.79 , nzd ,2026-09-02 08:27:45
 o001322 ,C0187 ,SKU011 ,  Pending ,363.27,  Usd,02/09/2026 10:33:03
  o001540, c0188 ,  SKU002  ,PENDING, 628.49 , USD  ,02/09/2026 19:39:25
  o001117, C0146  , Sku020 , shipped,309.02, USD ,2026-09-02 16:48:03
  O001483,C0131,  SKU002 ,  shipped  , 1365.82 ,aud ,2026-09-02 17:29:52
  O001668,  c0286  ,sku019  ,  Delivered, 673.19 ,  USD ,2026-09-02 23:27:24
O001160  ,C0010 ,SKU008  ,  shipped , 384.33 ,  aud  ,2026-09-02 13:03:41
 o001347,  c0015, sku017, Pending ,"$1,070.94",  USD ,02/09/2026 09:22:57
O001005,C0097 ,Sku011 ,PENDING ,1418.72,  USD ,02/09/2026 03:23:02
,  c0295  , sku015 , delivered , 1045.92 ,NZD ,2026-09-02 01:51:44
  O001272,c0227, SKU014 ,  DELIVERED  ,476.35,Aud ,02/09/2026 06:56:13
  o001577  ,C0140 , SKU002  ,  shipped,$902.83, USD  ,02/09/2026 23:58:04
 o001208  , C0259  ,SKU016  ,pending , 1301.12 ,AUD ,2026-09-02 13:41:12
  O001831, C0125  , SKU015 ,pending  , 951.65 ,usd ,02/09/2026 21:54:30
O001925,  C0148,SKU011, SHIPPED  ,$207.14,  NZD  ,2026-09-02 09:30:42
  O001816 ,C0157,  sku008 ,shipped  ,871.78, USD  ,02/09/2026 05:39:07
  O001859 , C0190  , SKU012 ,delivered  , 645.94 ,  NZD  ,2026-09-02 02:18:49
O001098 ,  C0057  ,  SKU010,  shipped  , 450.64 ,  Aud ,2026-09-02 17:01:48
  o001688  , C0212, sku009, DELIVERED , 380.12 ,Nzd ,02/09/2026 16:49:10
  O001738 ,C0249  , SKU007 ,  delivered  ,$89.65, Usd,2026-09-02 20:11:52
o001856 , C0215,  sku020 ,  delivered,$60.41, Aud  ,2026-09-02 02:53:57
O001686  ,  C0167 ,  sku014  ,PENDING, 1196.95 ,NZD ,2026-09-02 10:12:59
O001130 ,  c0102 ,sku004 ,pending,1214.56, NZD ,02/09/2026 12:52:38
O001647  ,  C0166 , SKU016  , Delivered,1335.34, USD  ,2026-09-02 18:04:26
 O001799 ,  C0134,SKU006, Shipped  ,$834.32, Aud ,2026-09-02 20:14:54
O001915,  c0179  ,  SKU019, delivered ,166.34,NZD ,02/09/2026 08:35:25
o001025 ,C0124  , SKU010 ,shipped , 397.30 ,Usd  ,02/09/2026 08:53:23
 o001037, C0286 ,  SKU006  , shipped, 887.75 ,  Usd ,02/09/2026 05:08:48
 O001767,  C0183 ,SKU017  , pending,"$1,373.12", Usd  ,2026-09-02 16:53:45
O001503  ,  c0117, Sku014  ,Shipped ,$217.45,Nzd  ,02/09/2026 23:21:46
 o001318 ,  C0040 , Sku002 , PENDING ,1135.68,USD,2026-09-02 04:52:57
  O001466 ,c0144  , sku003 ,delivered ,998.12, aud ,02/09/2026 01:00:00
, C0131,  Sku020  ,Delivered,811.13, usd,02/09/2026 16:16:10
 o001039  ,  C0196, SKU020  ,  SHIPPED  , 1169.31 , usd,2026-09-02 05:18:57
O001191,  c0129 ,  SKU014  ,  shipped , 638.16 ,  USD ,02/09/2026 18:37:46
 O001430 , C0088 ,Sku020  ,SHIPPED, 702.72 ,usd,02/09/2026 08:27:09
O001484, C0237, sku020,Delivered  , 1145.00 ,Nzd ,02/09/2026 22:29:47
  O001652 ,  C0173  ,  SKU018,Shipped,$810.87,AUD ,2026-09-02 13:08:19
  O001495  ,C0155,  Sku008  ,  SHIPPED, 980.08 ,  NZD,2026-09-02 15:39:05
O001596 ,  C0051,  Sku001  , Delivered , 768.35 ,  USD ,02/09/2026 00:03:25
  O001671 ,C0095 ,  SKU011 , pending,$730.61, NZD,02/09/2026 04:59:17
  O001293  ,c0159 ,Sku003,  shipped , 387.49 ,Nzd ,2026-09-02 21:41:08
 o001097, C0102,Sku016 ,PENDING ,512.68, usd ,2026-09-02 05:52:51
o001122 , C0150 , Sku008,  Pending,$238.61,nzd  ,2026-09-02 11:11:07
O001517  ,C0205  ,  sku003 ,pending  ,1286.11,  nzd ,02/09/2026 16:02:12
o001234  ,c0208  , SKU003  ,  DELIVERED, 1108.44 , USD,02/09/2026 01:29:27
O001844  , C0115  ,SKU010,PENDING  ,$669.03, usd,2026-09-02 12:08:51
 O001534 ,  c0273, SKU001 ,Pending,$818.26,  usd  ,2026-09-02 18:21:00
  O001959,  C0160,  SKU009,Delivered , 74.82 ,USD ,02/09/2026 08:07:59
o001555  , C0187  ,  sku004, shipped,30.27, Nzd  ,02/09/2026 14:24:54
 o001198,C0091,SKU016  , pending  ,806.73,  AUD ,2026-09-02 23:08:47
  O001349,C0014,SKU020 ,  Pending, 655.70 , AUD  ,2026-09-02 00:07:03
  O001210  ,C0176  , SKU020, delivered,558.17,  USD ,2026-09-02 13:23:34
O001383 ,  C0229 , Sku007, PENDING ,"$1,139.95",AUD,02/09/2026 10:15:03
  O001979  , C0093,Sku010 ,  delivered ,$855.54, nzd  ,2026-09-02 22:54:26
O001359  ,c0097, SKU013  ,Delivered  , 1053.64 , usd,02/09/2026 13:35:10
O001431  ,  c0279, Sku007 , pending  ,"$1,231.68", Usd ,2026-09-02 08:42:14
 O001630 ,C0260 , sku002  , pending,$340.22,USD ,02/09/2026 23:51:46
 O001450,C0118  ,Sku016  , SHIPPED,621.58,  NZD  ,2026-09-02 09:56:24
O001319 ,  C0076 , sku010  ,  delivered  , 881.43 , Usd ,02/09/2026 09:02:27
 O001371,c0203, Sku006, Delivered,$716.49,nzd  ,2026-09-02 02:58:25
  O001899  , C0259, SKU012 , Pending,1268.31,  NZD  ,2026-09-02 05:24:25
  O001601  , c0006 ,  sku016 ,pending  ,"$1,139.63",Usd ,02/09/2026 02:00:59
 O001138,C0134 ,  sku003  ,Shipped ,412.4,  Aud,2026-09-02 07:18:33
o001470 , C0262  ,  sku018  ,  SHIPPED  ,"$1,428.34",  NZD,2026-09-02 22:57:54
 o001424  , C0196, sku008 , Pending,"$1,365.91", USD  ,02/09/2026 16:41:27
O001314  , c0064 ,Sku002  , PENDING  ,358.56,  usd  ,02/09/2026 02:02:08
  O001585,C0196 ,SKU020,delivered ,$269.14,  AUD,02/09/2026 21:46:08
  o001365, c0055,SKU016  , Shipped , 600.84 ,NZD  ,2026-09-02 13:56:36
 O001781 , c0039  ,sku008 , pending,1211.3,  NZD ,2026-09-02 00:51:11
 O001563 ,C0049,SKU009, Pending, 460.22 ,  Usd ,2026-09-02 00:10:26
 o001908 , c0159, SKU017 ,pending  ,$170.02,  nzd  ,2026-09-02 01:38:13
 O001410 ,C0268, SKU013,SHIPPED  ,"$1,000.72",Usd,02/09/2026 13:55:55
 O001022 , C0070  ,  sku013 , PENDING  , 1414.97 ,aud  ,02/09/2026 16:11:01
 O001654 ,C0090,Sku013 ,SHIPPED,1030.8,AUD ,2026-09-02 07:32:20
 O001968 ,c0069,sku002  ,  Delivered  ,893.46,  Aud,2026-09-02 02:10:07
 O001854  , c0142,SKU019  ,Delivered,680.41,NZD  ,2026-09-02 11:23:19
 O001545 ,C0172 ,  Sku007 , pending , 1244.48 ,USD,2026-09-02 22:43:42
o001074  , C0083,  sku013  , shipped , 982.55 ,  NZD  ,02/09/2026 14:35:08
  O001491  , c0204,Sku016,pending ,"$1,018.93",NZD ,2026-09-02 21:17:31
O001682,  C0098  ,SKU009 ,SHIPPED, 88.44 , usd  ,02/09/2026 17:45:19
o001860 ,C0059  ,  Sku010  ,  Shipped  ,317.6,USD  ,2026-09-02 12:09:30
  O001751 ,C0128  ,sku002  ,  shipped  ,146.84,  Aud,02/09/2026 18:53:36
O001562, c0189  , Sku007, delivered  ,"$1,070.75", nzd  ,02/09/2026 02:14:48
  O001970 ,  c0081 ,Sku009, delivered ,$365.39,USD ,02/09/2026 10:59:08
 O001552 , c0061 ,  SKU018, pending,"$1,367.22", Aud  ,02/09/2026 16:59:21
O001086, C0044  , SKU002,SHIPPED  ,"$1,139.66",NZD,2026-09-02 13:01:10
 O001454,  c0194 , SKU013, pending,"$1,126.92",  USD  ,2026-09-02 05:19:41
o001546 ,C0029  ,  SKU006 ,shipped,412.89,  USD  ,2026-09-02 07:41:56
  O001697, c0182 ,  sku015 , shipped ,1417.13, NZD ,2026-09-02 02:01:02
 O001102, C0031 , SKU004 ,  Delivered,$500.14,  USD,2026-09-02 16:59:39
  o001032, C0215  , sku011  ,  pending  , 1222.63 ,  usd  ,2026-09-02 12:42:58
 O001550  , C0078 ,  SKU008  ,pending  ,$347.84,  usd  ,02/09/2026 10:15:24
 o001641  ,  C0150  , Sku014  ,  PENDING , 505.61 ,  usd  ,2026-09-02 18:26:42
  O001866 ,C0272  ,  SKU001  , Pending  ,"$1,270.18", usd  ,02/09/2026 12:22:58
O001551  ,  C0116 , SKU001,  Delivered,618.1,  usd,2026-09-02 09:16:18
  o001251  ,  C0153,  SKU016 ,shipped ,$708.13,Nzd,02/09/2026 10:50:38
 O001895  ,  C0122,SKU018  ,shipped ,$482.41, NZD  ,02/09/2026 06:29:45
  O001226 ,C0138 ,Sku009,Delivered, 556.70 ,Aud,2026-09-02 06:29:25
O001264  ,  C0295 , SKU004,  pending , 1220.03 ,  USD,2026-09-02 21:35:40
O001333,c0211, Sku004 , delivered,1443.31,NZD ,2026-09-02 12:55:47
 O001974  ,  C0026  ,SKU019  , Pending  ,658.74, NZD,02/09/2026 12:04:35
o001889  , C0284 ,  sku010 , pending , 393.04 , Nzd  ,2026-09-02 16:32:23
O001345 , c0087  , SKU018 , Pending, 1252.51 ,  usd,2026-09-02 08:09:16
O001995,  c0279  ,  Sku002  ,  pending ,718.95,  AUD,02/09/2026 07:48:15
  O001595,C0064 , SKU001 ,delivered , 148.83 ,  AUD  ,2026-09-02 09:18:11
  o001983 ,C0154,  SKU013 , shipped  ,493.28, NZD  ,2026-09-02 21:41:27
  O001999 ,C0158, Sku017  ,  pending, 238.85 ,AUD,02/09/2026 01:22:32
O001796 ,  C0171  ,  SKU014  ,Pending  , 476.02 ,AUD,02/09/2026 01:15:30
O001474  , c0009 , sku006,Pending  , 1352.01 , USD  ,2026-09-02 01:05:33
O001621 ,  c0094, sku005 , shipped ,535.47,nzd  ,2026-09-02 16:20:04
o001662 , C0030  ,SKU015 , delivered  ,"$1,230.40", Usd,02/09/2026 05:24:31
  O001146,C0132 ,SKU009,delivered  , 1026.64 , NZD  ,2026-09-02 10:08:13
  O001872  ,C0194 ,Sku009, shipped  ,"$1,424.25", aud ,02/09/2026 20:01:08
 O001984 , C0022  ,Sku003 ,  pending ,1203.01,  nzd  ,02/09/2026 07:52:44
 O001544  ,  C0181,SKU003 , shipped  , 951.88 ,  AUD,02/09/2026 18:37:16
 O001904, C0151  ,Sku020 , pending, 1471.89 , usd  ,02/09/2026 10:23:33
O001945 ,C0224  ,  SKU002  ,PENDING  ,915.74,  USD ,2026-09-02 21:35:23
  O001253,  C0189,Sku007 ,Pending  ,$706.49, AUD  ,02/09/2026 18:41:51
 o001166  , C0207 ,  sku019,Pending  , 1116.49 ,aud ,02/09/2026 04:55:52
  O001297, C0241 ,SKU004, pending  ,1266.84, USD  ,02/09/2026 23:30:20
 O001572 , c0171,Sku015 , shipped,282.63,  aud ,02/09/2026 08:08:24
  O001828,C0042  ,  Sku013,  PENDING , 736.65 ,  NZD,2026-09-02 09:17:12
  o001417 , C0194  ,SKU015, Delivered  , 1453.07 , NZD ,02/09/2026 16:04:43
  O001989, C0067 , SKU019  ,  delivered  , 1138.59 ,AUD ,2026-09-02 17:15:25
O001426 ,C0296, SKU019  , delivered ,1345.89, Usd,2026-09-02 05:47:48
 o001082, c0023,Sku019 ,  pending  ,"$1,052.26", nzd ,2026-09-02 15:58:32
O001923 ,C0204,Sku019  ,shipped ,"$1,298.42",Nzd  ,2026-09-02 04:50:41
 O001230  ,c0016,  sku020  ,delivered  , 130.30 , Usd,2026-09-02 13:07:59
  O001229,  C0268,  sku013,  pending  , 708.95 ,Usd  ,2026-09-02 09:43:23
  O001391 , C0228 ,  SKU012 ,delivered ,$739.20, USD ,02/09/2026 00:34:07
 O001548  ,C0283  ,sku006,  Delivered,"$1,131.35",NZD ,not-a-date
  O001769,  c0106 ,  sku018  ,  delivered  ,203.59,  Nzd ,2026-09-02 23:53:46
 o001452 ,  C0169  ,SKU007 , PENDING , 84.49 , Usd ,02/09/2026 19:52:15
O001142,  c0156 , SKU013  ,  DELIVERED ,937.87, usd  ,02/09/2026 20:24:49
 O001657 ,  C0217 , SKU001 , Shipped,444.39,AUD  ,2026-09-02 06:06:08
O001247  ,  c0043  , SKU005 ,  Pending,969.57, Nzd ,2026-09-02 19:55:52
  o001438 , C0161, Sku020 ,  SHIPPED,"$1,257.76",  USD,02/09/2026 02:23:11
O001809,C0075 ,Sku017,  Shipped ,1419.03, USD ,02/09/2026 07:08:46
O001409 ,C0234, SKU007,Delivered, 1181.94 ,usd  ,2026-09-02 16:02:12
  o001399,  c0298,  SKU010  ,  pending,$276.91, AUD,2026-09-02 06:58:20
  o001758 ,C0195 ,SKU009 , pending  ,184.29, AUD  ,2026-09-02 18:18:18
 O001791 ,c0181, SKU018,  Shipped,"$1,240.15", AUD,02/09/2026 04:56:50
 O001757 ,C0247,  Sku005 ,  DELIVERED  ,"$1,208.79",  USD  ,02/09/2026 07:41:07
  O001761  , C0094  ,Sku013 ,shipped ,957.17,  NZD ,2026-09-02 03:26:47
 o001620 , C0292  ,  SKU016 ,  shipped,"$1,216.19", USD  ,2026-09-02 12:11:46
, C0038,SKU020 ,  shipped,$868.25,  AUD,2026-09-02 13:45:35
  o001216,  C0105  ,  SKU017  ,  pending ,1490.92, Aud ,2026-09-02 01:26:08
  O001261  ,  C0063 ,  sku003 ,  pending  ,124.35,NZD ,2026-09-02 06:27:34
o001612 ,C0093  ,sku007 , pending ,$437.38, NZD,02/09/2026 20:00:12
 O001014 , c0234,  Sku007, delivered  , 1478.97 ,NZD ,02/09/2026 22:13:42
O001204 , C0032, SKU005 , delivered  ,$333.28,  NZD ,2026-09-02 23:09:25
  O001818 , C0278  ,  SKU008  ,  shipped,$342.81,aud ,02/09/2026 19:11:53
 O001814,C0230  ,  Sku020  ,  shipped, 528.44 ,  Aud  ,02/09/2026 20:00:06
  O001396,C0047 , SKU005,  Shipped  ,$187.84,AUD,02/09/2026 12:15:13
 O001608  , C0183 , SKU005  ,  pending ,"$1,281.23", usd ,02/09/2026 19:11:35
O001237  ,  c0124, SKU002  , Pending  , 687.84 , Usd,2026-09-02 11:02:51
O001876, C0109 , sku001 ,delivered  ,$918.97, Nzd  ,2026-09-02 19:49:37
 O001823  , C0270,SKU009  , Delivered, 433.00 , AUD,02/09/2026 06:51:39
 O001763  ,c0247  ,  SKU017  ,Pending ,1498.12,  USD ,2026-09-02 23:19:49
o001157 ,  C0298  ,  Sku014  ,Pending  ,257.42,USD ,2026-09-02 00:07:50
  O001233,C0210,Sku007 ,pending  ,344.25,  usd  ,02/09/2026 05:54:33
 O001988, c0139 ,SKU014,pending ,28.37,  usd ,2026-09-02 07:18:08
 O001978,  c0111  ,  Sku003  , Pending ,1037.19,  USD,02/09/2026 04:16:23
  O001962 , C0019,  SKU020  ,shipped  ,$769.60,AUD,02/09/2026 15:57:36
 O001181  ,  C0028, SKU014  ,  pending  ,$215.99, Aud,02/09/2026 22:23:05
 O001518,  C0152  , Sku007  ,  delivered,1279.13,  USD ,02/09/2026 09:19:17
 O001048  ,C0138 , sku009  ,  pending  ,490.2,  USD  ,02/09/2026 20:55:45
O001092  ,  C0041  ,SKU002  , delivered , 792.03 ,aud ,02/09/2026 11:22:03
o001942 , C0137 ,  SKU004,shipped  ,785.01,Nzd,2026-09-02 12:34:53
 O001072 , C0057, SKU006  , Pending,$255.97, NZD ,02/09/2026 07:32:19
  O001206,  c0136  , sku014  ,Delivered, 1119.93 ,Nzd,2026-09-02 07:32:41
 O001481 ,C0197  , SKU006  ,Pending  ,310.77, Nzd  ,2026-09-02 01:43:38
o001029,  C0247 ,Sku008 , delivered,$803.94,  USD  ,2026-09-02 06:21:42
O001148 ,c0060  ,SKU014  ,  delivered  , 1329.83 , Aud,02/09/2026 14:26:54
 O001610  , C0278 , Sku004, PENDING  ,$20.93, Usd,not-a-date
O001736  ,C0005,sku009  , PENDING,"$1,216.24",aud,2026-09-02 07:39:10
  O001202,C0278  , Sku011  , shipped, 708.38 , AUD,02/09/2026 19:16:01
 O001245, C0112  ,SKU009 ,PENDING,$226.72,AUD  ,02/09/2026 12:55:24
 O001188 ,  C0109  , Sku015  ,Shipped  ,$61.91, nzd ,2026-09-02 13:20:23
  O001586, C0177 ,  SKU011,  DELIVERED ,"$1,485.21",usd,2026-09-02 20:25:34
O001268 ,C0114,  sku007 ,  Pending  , 275.62 ,AUD  ,02/09/2026 13:00:15
  O001842 , c0193 , sku020 ,  Shipped,1054.46,nzd ,2026-09-02 03:19:40
O001588  ,C0218  , SKU014,  PENDING ,731.07,  USD ,02/09/2026 09:21:26
O001338  , C0174 ,SKU007, Delivered ,$168.02,Nzd,2026-09-02 16:16:30
  O001622,c0227 ,  sku006 , shipped, 1202.92 , Nzd  ,2026-09-02 11:29:43
  o001698  , C0111  ,Sku016,delivered,1424.82,nzd  ,02/09/2026 09:43:31
 O001803  ,  C0254  ,sku005,shipped,237.61,  Nzd,02/09/2026 23:02:18
  O001976  ,  C0091  , Sku009, DELIVERED,236.29, aud ,2026-09-02 09:26:57
o001821, C0168  ,SKU014  , Pending  ,"$1,147.89",  NZD  ,02/09/2026 03:58:34
 O001658  ,C0253 , SKU012, shipped, 592.47 ,aud,02/09/2026 04:26:33
 O001036  ,  c0231 , sku015 ,Pending  , 134.66 , usd ,2026-09-02 03:38:02
 O001131  ,c0298, Sku020,Shipped,$676.32, USD ,2026-09-02 22:00:02
 o001857  ,c0048,  SKU006 , delivered ,$675.25,Nzd ,2026-09-02 20:46:32
 O001598,  C0109, SKU009  ,  Pending,1181.16,usd ,02/09/2026 04:44:09
  O001543 , c0051 , SKU013, pending  ,$354.60,Nzd,02/09/2026 13:39:57
 O001556 ,  C0162  ,  SKU005,  SHIPPED ,"$1,251.84",  NZD ,2026-09-02 20:09:05
  o001063 ,  C0253  , SKU019 ,Delivered,"$1,081.39",Nzd,02/09/2026 08:56:25
O001557 ,C0204,  sku002  , delivered ,$981.23,  usd ,2026-09-02 12:35:14
O001334,  c0295 ,  SKU003,pending,1456.6,  USD  ,2026-09-02 12:39:20
 O001135 ,C0013,  sku006  ,  Pending ,404.27,aud,2026-09-02 10:41:39
 O001810 ,C0152 ,  sku003 ,  delivered,$439.33,NZD  ,02/09/2026 05:11:38
  O001640, C0201 , SKU007, SHIPPED,462.36, Aud  ,2026-09-02 06:42:40
  O001533 , C0188 , Sku004  ,Delivered  ,1228.95,aud  ,02/09/2026 11:27:24
o001514, C0144,  sku011  ,  shipped, 291.16 ,  AUD ,2026-09-02 17:53:20
o001772,C0236 , sku013 , delivered , 1453.04 ,  Aud ,2026-09-02 12:07:13
  O001878,C0028 , SKU009 ,PENDING , 1400.05 ,  usd ,2026-09-02 23:12:07
O001361, C0269 ,sku003  ,delivered, 819.91 ,  usd ,02/09/2026 23:18:55
 o001936,C0206 , sku010  ,PENDING ,56.0, NZD,02/09/2026 07:17:44
 O001057 ,  C0142  ,  SKU010  , Delivered ,1190.82, Aud ,2026-09-02 21:59:29
o001754  , C0135 , Sku003  ,PENDING , 1493.96 ,  AUD ,2026-09-02 00:32:29
  O001457  , C0277 ,  Sku008, SHIPPED , 984.69 ,  USD  ,2026-09-02 03:41:43
 O001194 ,  C0235  ,  Sku006  , Pending ,505.92, nzd ,02/09/2026 01:43:35
O001283 , C0018 ,sku016  , Pending ,1068.67, Nzd ,02/09/2026 02:59:34
 O001770 , C0295 ,  SKU013  ,delivered  ,$950.59,Aud ,02/09/2026 07:22:23
O001902  , C0265 ,SKU013  ,delivered  , 1103.32 , nzd ,02/09/2026 00:48:19
O001021 , C0120, SKU004 , delivered ,$110.69,Usd  ,2026-09-02 05:28:51
 o001173 , c0014  ,sku012,  DELIVERED ,$446.17,Nzd ,02/09/2026 15:15:51
o001364 , C0026, SKU008  ,  pending,789.66,USD,2026-09-02 02:48:11
 o001787 ,c0276  ,sku006, pending,$363.84,AUD ,2026-09-02 23:04:05
  o001001,  c0125 ,  SKU016  ,pending ,247.52,  usd,02/09/2026 13:00:26
 O001550  , C0078 ,  SKU008  ,pending  ,$347.84,  usd  ,02/09/2026 10:15:24
o001690  ,  C0012 , Sku010  ,Pending,$165.95,  AUD,02/09/2026 00:47:02
O001578,  c0007,sku011  ,  pending  , 1363.89 , USD ,2026-09-02 18:29:27
o001089 ,c0160 ,  Sku005  ,  Pending ,1203.84,  USD,2026-09-02 11:47:45
 O001395 ,  C0086, sku015  ,delivered  ,$893.23,nzd ,2026-09-02 17:16:50
O001096,  C0255  ,sku020,  SHIPPED ,1004.96, NZD  ,2026-09-02 01:00:31
o001310  , C0006 ,  sku007  , pending , 1300.71 ,  AUD  ,2026-09-02 20:10:24
O001825 , c0010  , SKU001 ,  delivered  ,"$1,302.66",  USD ,02/09/2026 19:01:49
O001360 , C0140  , Sku008  , shipped  ,$965.89,USD,02/09/2026 09:55:28
  O001195  , C0232,  sku010 , Shipped  , 355.69 ,  AUD  ,2026-09-02 00:09:19
  O001891 , c0199,sku001,pending  ,285.93, USD  ,2026-09-02 13:16:27
  O001953  ,c0259,sku002 ,Shipped ,1475.36,  NZD,02/09/2026 13:29:57
o001913  ,C0213 , SKU011 , Pending, 1089.27 ,  AUD  ,2026-09-02 16:16:32
 O001059,c0002 , Sku019,shipped,1152.22,  nzd ,02/09/2026 01:57:27
  O001710,c0225,SKU017,  pending ,438.79, aud ,2026-09-02 14:24:19
  O001080 ,  C0201 , Sku009 ,Pending,"$1,214.30", Usd,02/09/2026 23:06:17
O001776  , c0062 ,  SKU015  ,  delivered ,1260.26,  usd ,02/09/2026 23:17:37
 O001625  , C0271 ,SKU012  , Delivered  , 325.98 ,Usd ,02/09/2026 14:51:16
  O001822 ,C0018 , SKU012 , PENDING,942.02,USD,2026-09-02 21:13:36
o001017  ,C0210 , SKU019 ,shipped,$728.26,aud  ,2026-09-02 11:19:05
 O001187,  C0171  ,  sku008  , shipped, 635.12 , Usd,02/09/2026 21:39:48
 o001727,  C0150 ,Sku017  ,Pending ,"$1,488.48",  nzd  ,2026-09-02 08:46:08
  O001843 ,  C0100,  SKU008 , delivered, 821.19 ,  usd,02/09/2026 22:55:29
O001840  ,  C0034,  SKU013  , delivered ,674.12, NZD ,02/09/2026 13:17:06
o001477,C0142 , sku009  ,  delivered ,$546.52,  Nzd ,02/09/2026 04:16:00
O001773 , C0235  ,  sku007,PENDING,211.48,  USD ,02/09/2026 23:24:24
O001412,C0014,  SKU017  ,delivered, 619.73 ,  aud ,2026-09-02 00:40:29
o001753 ,  c0018 ,sku001 ,pending ,406.79, NZD ,02/09/2026 05:22:38
O001420, c0026 ,SKU008,shipped  ,"$1,453.63", usd  ,02/09/2026 05:47:25
O001664, C0217  ,sku013 ,  shipped ,222.85,NZD  ,02/09/2026 18:01:52
  O001881 ,  C0096  ,sku011 ,Pending, 478.31 ,  AUD  ,02/09/2026 16:10:29
O001858  ,c0090  ,Sku019  , Shipped,1157.68, USD  ,02/09/2026 01:55:53
  O001062  , c0080,sku017 , shipped  ,943.22,  Nzd  ,2026-09-02 04:16:48
 O001156 ,C0001, sku009  ,delivered ,$419.84, NZD ,2026-09-02 09:12:04
  O001340, c0161,SKU004, pending , 14.53 ,AUD,02/09/2026 12:58:13
O001670,  C0014,  Sku017 ,  PENDING,1495.35,USD,2026-09-02 23:53:20
  O001886 , C0201  ,  SKU017  ,  pending ,"$1,094.86", aud  ,02/09/2026 19:01:24
O001459,  C0203  , Sku007,shipped  ,$102.65,  usd,2026-09-02 00:10:38
 o001042 ,c0205, SKU020 , pending,65.36,  NZD  ,2026-09-02 21:06:05
O001801  ,C0112  ,sku001,shipped ,177.17, NZD,2026-09-02 12:31:37
  o001291 ,  c0287  ,  sku008 ,  shipped,$380.87,  Nzd,2026-09-02 19:15:40
o001419 , C0268 ,  SKU005 ,  Delivered,1473.32,  Nzd  ,2026-09-02 15:58:00
 o001003,  C0208  , sku002, shipped, 1045.23 ,  AUD,2026-09-02 14:23:15
 O001073, C0192  ,  Sku001,pending  , 633.34 ,  Nzd,2026-09-02 17:34:38
 O001274 , C0205  ,  Sku018 ,SHIPPED , 1376.48 ,Usd,02/09/2026 15:02:21
  O001051  ,C0032 ,SKU004  , DELIVERED  , 1177.07 , NZD ,2026-09-02 01:22:13
 O001552 , c0061 ,  SKU018, pending,"$1,367.22", Aud  ,02/09/2026 16:59:21
 O001832 ,C0077, Sku008  ,  shipped  , 66.98 , aud ,02/09/2026 06:05:40
 o001812,C0134 , SKU011 ,Shipped , 968.53 ,AUD,02/09/2026 04:14:20
O001153 ,C0034  ,  SKU006 ,  pending,1097.86, USD,02/09/2026 11:54:51
  o001134,C0003 ,SKU003,  delivered  ,730.97,Nzd,02/09/2026 08:04:47
 O001994  ,  C0185 ,  SKU005, SHIPPED  , 1473.48 , aud  ,02/09/2026 12:05:51
o001884  , C0210,  sku013, DELIVERED , 993.47 ,  AUD  ,2026-09-02 07:01:38
o001672,  c0254,  SKU007 , shipped  ,$304.72, AUD ,02/09/2026 23:41:09
  o001580  , C0230, SKU014 ,  pending  , 218.85 ,  nzd,2026-09-02 04:10:40
O001217 ,  C0060  ,SKU019 , SHIPPED  , 1015.12 , Aud,2026-09-02 21:29:04
  O001965, C0010 ,Sku008, Pending, 827.15 ,  USD  ,2026-09-02 07:03:00
O001537  ,C0177  ,sku009  ,SHIPPED  ,841.72, NZD,2026-09-02 16:09:42
O001307,C0044, Sku018 ,  delivered,"$1,413.67",USD ,2026-09-02 05:49:21
o001404  , c0030,  Sku007  ,  DELIVERED, 559.48 ,Aud ,2026-09-02 23:37:56
 O001642  ,  c0038  ,  SKU007 ,  Shipped ,$735.01,  Nzd  ,02/09/2026 23:11:59
O001320, c0055  , SKU014, Shipped ,201.46,  nzd  ,02/09/2026 20:31:17
  O001731  ,  C0048  ,sku015  ,  shipped, 766.69 ,usd,2026-09-02 12:34:48
 O001355, C0285 , SKU016  ,shipped  , 327.47 ,  usd ,02/09/2026 11:41:05
o001535 , c0193,sku007 ,  Delivered  ,$363.84, USD,2026-09-02 07:31:15
o001705  ,  C0222 ,  sku014  ,  DELIVERED  , 870.76 , usd,2026-09-02 05:36:49
  O001471 , C0052  ,  Sku009,Shipped  ,1048.96,NZD ,02/09/2026 18:11:56
 o001501 , c0154 , sku020,shipped , 1427.69 , NZD,02/09/2026 13:59:03
o001591, c0098 , SKU017  , pending , 874.91 , AUD  ,02/09/2026 14:25:35
  o001587,C0293  ,SKU010,  pending ,683.88, Nzd  ,2026-09-02 13:16:49
  o001162  ,C0074,  sku015,shipped,489.73,  Nzd  ,not-a-date
  o001975  , C0123  ,sku017,  Shipped,$498.75, usd ,02/09/2026 05:20:34
  O001366 ,  C0035,  SKU011 ,  shipped,1045.87,NZD  ,2026-09-02 11:37:56
 O001367,C0053  ,  sku010  ,  DELIVERED, 856.93 ,aud ,02/09/2026 22:07:19
 O001626  , C0191  , SKU012,delivered ,535.52,USD  ,02/09/2026 08:51:57
o001655 ,  C0230  ,sku004  ,shipped ,1191.54, Usd,02/09/2026 10:44:39
 O001126 ,C0275,  SKU018, PENDING  ,289.52,  Nzd  ,2026-09-02 02:34:00
O001998,  C0075,SKU011 ,shipped ,$648.75,Nzd,02/09/2026 09:53:14
 O001382,c0281  , SKU012, shipped,$141.74,  Usd  ,2026-09-02 01:21:46
o001930  , C0173 ,SKU020 ,DELIVERED  , 579.02 , AUD ,2026-09-02 17:40:15
o001183 ,C0064  ,  SKU006  ,  pending,202.9,Nzd  ,2026-09-02 13:08:32
O001107 ,c0114  ,SKU011, Shipped,$299.60,NZD ,2026-09-02 18:36:10
  o001996  , C0267,sku015  ,shipped  ,$119.23,Usd ,02/09/2026 06:52:35
  O001793 , C0115 ,sku020, pending, 1202.17 ,NZD,02/09/2026 12:01:06
  O001879 , C0065,sku003, DELIVERED , 202.91 ,  AUD ,02/09/2026 03:53:47
 O001716,  c0266,  SKU006 , pending ,1166.43,  NZD,2026-09-02 03:58:55
  o001150 ,C0076,SKU012  , shipped,"$1,436.89",  NZD  ,02/09/2026 16:51:28
 O001564, c0211  ,  Sku017  , PENDING, 244.51 ,  Usd,02/09/2026 20:27:18
O001262,  C0267 ,  sku020,  SHIPPED , 324.64 ,Aud  ,2026-09-02 13:34:24
O001103  ,  C0065 ,  Sku020 , Pending,328.49,aud  ,02/09/2026 12:00:48
 o001196 , C0193  , sku008, shipped  ,905.41,Usd  ,2026-09-02 04:02:13
 O001487  ,  C0122 , SKU011 , Pending, 1113.89 , Nzd,02/09/2026 04:51:20
 o001071  ,C0220, SKU017  ,PENDING,1171.14, nzd,02/09/2026 19:33:13
O001020 ,  c0244 ,  SKU002  ,  Delivered  ,$582.78,  Aud  ,2026-09-02 15:06:28
 O001027  ,  C0241  , Sku015  ,  Pending, 1385.21 ,  NZD ,02/09/2026 18:35:41
  O001678,C0287,Sku008  , delivered, 7.66 , usd ,02/09/2026 16:10:30
  O001337  ,c0111, SKU011,SHIPPED,"$1,232.98",  Usd  ,02/09/2026 01:37:45
o001922, C0208, sku013  , delivered  ,868.27,  AUD ,2026-09-02 10:31:11
O001775, C0104,  Sku002, Shipped,1205.22,  usd,2026-09-02 13:45:23
  O001055 , C0088 ,SKU003, DELIVERED , 1454.87 ,  NZD ,2026-09-02 23:37:46
  O001632  ,C0162,Sku004  , pending ,$18.34,NZD,02/09/2026 20:56:52
 O001478,  C0042, SKU018 , DELIVERED  ,1078.73, Usd,02/09/2026 06:32:24
 O001849  ,  C0246  ,  sku017, pending ,$350.22, Nzd,02/09/2026 02:51:57
 O001932,  C0120  , sku007  ,  delivered , 784.86 ,  USD  ,02/09/2026 18:30:45
o001030, C0130  , sku015,  SHIPPED,1111.75,  Usd,2026-09-02 12:21:49
  O001458 ,C0002,SKU003  ,shipped,"$1,315.36",USD,2026-09-02 05:49:24
 O001602 , c0105,  SKU013 , shipped ,"$1,398.26",USD,02/09/2026 03:54:26
  o001343, C0259,SKU002 ,  delivered ,$150.49, NZD  ,2026-09-02 22:05:33
  o001352  ,  C0090 , SKU012  ,  SHIPPED,75.92,  Aud ,2026-09-02 12:59:42
  O001276 , c0005,  sku012  ,  shipped,"$1,345.95",USD,2026-09-02 12:01:53
O001820,C0218,sku020 ,  SHIPPED  , 900.40 ,  NZD  ,2026-09-02 16:48:54
O001214 , c0014,  SKU010  ,shipped ,$912.85, NZD  ,2026-09-02 09:12:25
O001119,C0178 ,  Sku014  ,  delivered,1138.36,Nzd ,2026-09-02 07:47:19
o001284, C0110  ,Sku003  ,Delivered,"$1,194.16",USD  ,2026-09-02 17:26:00
  O001326, C0266 ,Sku006  ,  DELIVERED, 1491.44 , USD  ,2026-09-02 02:17:09
  o001498,C0043, Sku007, DELIVERED, 1019.04 , Nzd ,02/09/2026 02:32:33
 o001416, C0116 ,  sku018,  DELIVERED , 1148.85 , NZD  ,2026-09-02 11:47:41
 O001907  ,  C0096 ,  Sku017 , Shipped , 569.09 ,  Nzd,02/09/2026 16:21:33
O001103  ,  C0065 ,  Sku020 , Pending,328.49,aud  ,02/09/2026 12:00:48
o001523,  C0026, Sku012, delivered  ,"$1,452.26",  USD,2026-09-02 15:36:37
  O001685  ,  C0213 , sku018, shipped,396.79,usd ,02/09/2026 11:43:03
O001101 ,  c0182,SKU016 ,PENDING  ,$718.39,  AUD ,02/09/2026 04:38:24
 o001242 ,c0142, SKU003 ,SHIPPED,766.22,Usd ,2026-09-02 18:16:57
 O001235 , C0242  ,  Sku012 , shipped  , 988.68 ,  NZD  ,2026-09-02 20:53:26
 O001464  ,C0111 ,  Sku006  ,  DELIVERED, 742.68 , NZD,2026-09-02 00:58:02
  O001124,c0189 , Sku017,pending, 1105.66 , USD  ,2026-09-02 09:33:12
O001375  ,  c0021,SKU009  ,  DELIVERED,977.12, AUD,02/09/2026 08:27:21
 o001290 ,C0136 ,SKU007, DELIVERED  ,$783.01, NZD  ,2026-09-02 10:05:22
  O001797,  c0145  , sku020 ,Shipped,$264.11,USD ,02/09/2026 07:26:22
O001439, C0290 ,  SKU020  ,  SHIPPED ,$39.59,NZD ,02/09/2026 09:38:53
o001418 ,C0259, SKU015  , shipped  , 356.52 , usd  ,02/09/2026 21:04:59
  o001589,  C0089 ,SKU013 ,  SHIPPED,1189.16, AUD,02/09/2026 23:23:22
  O001288  ,C0231  ,  SKU013 , PENDING  ,$211.46, usd,2026-09-02 20:00:40
O001465,c0260 ,sku013  ,  shipped,"$1,131.76",nzd,02/09/2026 15:44:23
 o001717  ,  C0281 ,  SKU013 ,  delivered  , 1331.72 ,  NZD ,02/09/2026 09:33:46
 O001294 ,  C0017, Sku004 ,PENDING ,125.75,AUD,2026-09-02 22:12:06
O001221 ,  C0204  ,  sku013,Shipped ,$908.08,  USD ,2026-09-02 04:59:07
 o001442 ,C0242  ,SKU020  ,pending , 810.77 ,  USD  ,02/09/2026 22:19:11
  O001492  , C0289  , SKU011, pending,"$1,333.75",nzd  ,02/09/2026 08:03:36
  O001168 , C0112, SKU010  , shipped  ,61.3, USD  ,2026-09-02 07:39:52
 O001529, c0230  ,  SKU001 ,SHIPPED, 579.09 , AUD  ,2026-09-02 13:54:13
  O001966,  c0115  ,  Sku003 , shipped,995.21,NZD ,2026-09-02 07:19:58
  O001871  ,C0013,sku018  , shipped , 162.28 ,  AUD ,not-a-date
  O001882 , C0246  ,  SKU001  ,DELIVERED, 399.76 ,  AUD ,02/09/2026 00:37:04
O001527  ,  C0033 , Sku006 ,Shipped  , 848.38 ,nzd,2026-09-02 22:37:34
  o001718 , C0034,sku011 , pending,$343.31, AUD ,02/09/2026 18:38:02
O001118  ,  C0024  ,Sku012  ,  shipped,$912.61, USD  ,02/09/2026 13:18:19
 O001115 ,  C0180, SKU002,Pending, 888.04 ,  USD  ,02/09/2026 12:09:47
  O001967, C0037  , SKU006  ,delivered ,793.14, USD ,02/09/2026 21:57:03
O001957 ,  C0253, SKU010  ,shipped,$898.89,  AUD,02/09/2026 04:58:28
  o001542 ,  c0121, SKU007,  DELIVERED, 1336.15 ,USD,2026-09-02 11:20:41
  O001308 ,c0257, Sku015, delivered  ,503.7,  AUD  ,2026-09-02 18:23:14
O001944, C0256,  sku006, pending  ,523.6, NZD,2026-09-02 04:25:23
  O001052  , C0025,SKU019 ,pending , 781.29 , USD  ,02/09/2026 09:14:57
O001429 , c0032  ,sku010,Shipped  , 935.94 ,  usd,02/09/2026 18:54:39
O001390, C0212, SKU015, pending, 1048.72 ,NZD ,2026-09-02 18:19:33
  o001719 ,  C0041, Sku015 ,  pending,18.88, usd,2026-09-02 15:37:32
 O001205  ,  C0235 ,  Sku002 , Shipped , 159.08 , NZD ,02/09/2026 15:07:49
  O001609 ,  C0165  ,  SKU002 ,  Delivered ,"$1,027.62",nzd  ,2026-09-02 18:55:47
 O001443,  C0227,  Sku012,  shipped ,365.9,  usd,02/09/2026 13:12:10
  O001958 , c0003  ,sku017 ,  delivered,1271.07, Aud ,not-a-date
o001646  , C0211  ,SKU006 ,Shipped,$468.48,  AUD ,2026-09-02 18:00:09
O001275,  c0076  ,  sku011 ,Shipped,$412.45,aud ,02/09/2026 07:23:37
 O001170  ,C0082,SKU015 ,Delivered ,472.4,  Aud ,2026-09-02 12:03:06
 O001255 , c0266  ,  SKU014 ,  pending ,"$1,080.84",nzd ,02/09/2026 00:50:02
 O001603,  C0103 , SKU013  ,shipped  ,1067.38,aud  ,2026-09-02 04:18:02
 O001892  , c0114  ,  SKU019, Shipped, 991.70 , USD ,2026-09-02 02:53:40
 o001260 , C0033  ,SKU001 , delivered ,820.21, Usd  ,02/09/2026 07:37:49
  O001708, C0270, Sku014  ,  Shipped ,251.12,nzd  ,02/09/2026 17:45:09
  O001155 ,C0295 ,  Sku004 ,  Pending  , 1151.98 ,nzd,2026-09-02 05:09:12
 O001692  , c0278  ,  SKU008 ,  pending,$764.21, aud  ,2026-09-02 02:27:02
  o001049 , C0141 ,sku018  ,  pending  , 687.66 , Usd ,2026-09-02 10:03:52
O001278 ,C0239, SKU016  ,  pending,"$1,143.80",USD  ,02/09/2026 05:30:08
o001713 , C0172  , SKU009 ,  shipped  ,$891.56,USD ,2026-09-02 14:40:03
  O001634  , c0207 ,sku019  ,Shipped , 680.29 ,  USD,2026-09-02 06:16:12
o001258  ,  C0271 ,  SKU018,  DELIVERED ,$356.88,USD,02/09/2026 16:12:14
 O001532 , c0133  , SKU012,  Pending  ,"$1,042.49",  AUD,02/09/2026 11:15:24
  O001500 , C0291 ,SKU011 ,  PENDING , 1377.59 ,  NZD  ,2026-09-02 12:33:23
 O001702  ,C0177,  Sku002,shipped,584.13,  aud  ,02/09/2026 02:41:33
 O001745 ,C0279  ,sku006 ,  pending , 341.37 ,nzd,02/09/2026 01:25:14
O001629  ,C0183 ,  SKU002 ,  delivered, 65.02 , aud  ,02/09/2026 11:21:19
 o001461  ,C0112 ,  SKU017  ,Pending,173.26,Nzd  ,02/09/2026 02:38:52
 O001648,  C0201  ,Sku018 ,shipped  ,"$1,399.48",  USD,02/09/2026 04:08:24
O001916 ,C0239, SKU009 ,pending  , 501.42 ,AUD ,2026-09-02 10:18:12
O001885,  C0128 ,SKU010  , delivered , 220.02 ,  NZD  ,2026-09-02 09:29:15
O001522  ,C0100 ,  sku019  , shipped ,735.21,  Nzd,02/09/2026 01:14:12
  o001762  ,C0011 , sku013,  Shipped  ,579.09, AUD  ,2026-09-02 07:54:43
  o001346,  C0122  ,SKU019  , pending  , 48.70 , AUD ,2026-09-02 02:31:08
 O001499  ,  C0164 , SKU004  ,Pending,1237.87,  USD ,02/09/2026 11:07:49
o001900 ,  C0210 ,  SKU003,  Shipped  , 1080.20 , NZD ,2026-09-02 21:53:53
  O001687, c0041 , sku010  ,delivered,525.62, AUD,2026-09-02 22:54:23
 O001463,C0280,SKU008,  Delivered , 1025.81 ,aud  ,2026-09-02 12:45:14
o001981 ,  C0178,Sku011 ,  Delivered , 1487.83 ,USD,2026-09-02 06:34:48
  o001961 ,C0141  , sku012 ,  SHIPPED  ,"$1,315.61",Aud ,2026-09-02 02:18:28
  o001954  , C0300 ,  sku020,SHIPPED , 662.01 , Aud  ,2026-09-02 03:21:26
 O001207,c0135,SKU011  ,SHIPPED  ,1260.94,  USD,2026-09-02 10:09:35
 O001582  , C0012 ,sku010  ,  DELIVERED  ,$936.56,usd,02/09/2026 02:05:15
 o001377  ,C0006 , sku011,  SHIPPED, 539.53 ,  usd,02/09/2026 22:14:30
  o001285  ,  C0155, SKU008  ,  delivered,454.39, NZD  ,02/09/2026 21:49:57
O001541 ,C0267, sku020,Shipped  , 960.89 ,Usd  ,02/09/2026 14:23:01
 O001943,  c0063,sku004,  delivered , 1361.10 ,aud  ,2026-09-02 15:49:01
  O001921  ,C0079 , sku018  ,  SHIPPED,1324.79,  Nzd  ,02/09/2026 22:18:04
O001834  ,C0285  ,  sku014, PENDING  ,108.13, USD ,2026-09-02 08:03:34
 o001178  ,C0238  ,SKU015 ,SHIPPED  ,421.75,USD,2026-09-02 16:31:50
O001768,  C0285  , Sku015,  shipped ,864.59,  USD ,02/09/2026 06:06:29
  O001729  , c0097 , sku001,  pending , 1416.24 , USD ,02/09/2026 01:44:20
  O001129 ,C0081  ,sku011 , delivered  ,176.42,  Usd,2026-09-02 21:22:51
 O001300 , c0299  ,  SKU009  ,shipped , 1117.64 , NZD ,02/09/2026 12:42:07
O001402  ,C0255, SKU015, DELIVERED , 344.12 ,  usd,02/09/2026 20:28:44
  O001182  ,C0001, Sku011 ,  delivered,"$1,298.93", AUD  ,02/09/2026 02:42:49
O001010  ,c0217,  SKU020  , SHIPPED,"$1,163.73",  aud  ,02/09/2026 20:44:51
o001401,C0141 , SKU019 ,Pending  ,$399.02, Nzd ,2026-09-02 21:22:58
  o001862 ,  C0068 , SKU002,SHIPPED ,$926.38, nzd ,02/09/2026 22:50:25
  O001369 , C0076 ,  sku015  , pending,"$1,409.42",  AUD,2026-09-02 21:50:24
  O001649 , C0027  ,  sku011 ,PENDING,$998.45, USD,02/09/2026 06:26:50
 O001321, C0193 ,  SKU010  ,shipped ,"$1,174.01",AUD ,02/09/2026 05:34:19
 o001700  ,  C0217  ,sku020  ,delivered ,49.58,Usd ,2026-09-02 23:09:50
  O001497 ,c0129,  SKU007  ,PENDING  ,"$1,157.96",NZD  ,2026-09-02 04:02:34
 O001197, C0123,  SKU002,delivered, 45.25 ,NZD ,02/09/2026 15:15:04
 O001847 ,  C0068,SKU009  , delivered  ,$576.40,USD  ,02/09/2026 07:56:29
  o001711, C0047 ,Sku008 ,shipped, 89.13 ,Nzd ,2026-09-02 01:41:11
 o001239, C0278 ,SKU014  ,shipped  , 1366.12 ,Nzd  ,2026-09-02 07:24:02
  O001798  , C0254,  sku016,  Shipped ,$320.98, nzd  ,2026-09-02 20:21:18
  o001455  ,C0129  , SKU014  ,  DELIVERED  ,$598.44,  Nzd  ,02/09/2026 01:40:25
 O001549  ,C0221  ,sku006, SHIPPED,1447.4, NZD ,2026-09-02 11:55:40
 o001496 , c0249 , sku014  , SHIPPED  ,"$1,409.50",  NZD ,02/09/2026 16:53:08
  O001737,C0126  , SKU018 , Delivered,1393.53,  Nzd,02/09/2026 15:36:35
 O001116  ,  C0149  ,  SKU015,  Shipped ,949.51,aud  ,2026-09-02 16:40:44
O001108, C0130,sku001 ,SHIPPED, 856.38 ,usd,2026-09-02 13:37:41
  O001068 ,C0200  , Sku001  ,shipped  , 263.64 ,USD,2026-09-02 12:28:39
O001330  , C0266 ,Sku003, SHIPPED,$992.95, AUD  ,2026-09-02 19:34:47
  o001581 , c0200  , sku001  , Shipped ,$225.51,  Usd  ,2026-09-02 08:54:32
O001530,C0175  , Sku015 , delivered  ,$610.77,NZD  ,02/09/2026 16:28:06
O001605,  C0197,  SKU020, SHIPPED  , 1395.88 , USD ,02/09/2026 11:51:24
 O001723 ,C0201  , SKU019,  pending  ,"$1,271.51",USD ,2026-09-02 19:38:33
O001113  ,  C0216  ,SKU020, shipped  ,$692.49,NZD  ,02/09/2026 02:48:57
O001490  , C0039, SKU006  ,  PENDING ,1414.92, Aud,02/09/2026 20:03:15
 O001040  ,  c0283 , SKU015,Pending,"$1,056.08",aud ,2026-09-02 05:44:56
  O001991 ,C0187 , SKU007, pending,$402.33, USD ,02/09/2026 22:07:40
  O001938 , C0187 , Sku006 ,  Shipped, 1290.28 , USD  ,02/09/2026 14:37:51
 O001414  ,  c0087  , Sku009 ,pending  ,1420.38,  aud,2026-09-02 00:52:28
O001715 , C0258,  Sku011 ,Pending  ,$227.05, Nzd ,02/09/2026 17:11:31
 o001824 , c0276,  SKU016,  delivered,1100.28, Aud,2026-09-02 11:21:39
O001833, C0044,  sku009 , delivered,1475.49, USD  ,2026-09-02 05:28:35
O001473 ,C0031 ,  SKU020  ,  SHIPPED  , 955.26 ,  nzd ,2026-09-02 23:27:33
o001667, C0245,sku002  ,Shipped,$998.29,  AUD ,02/09/2026 18:16:33
 O001623,C0073 , Sku014,  SHIPPED,$327.74, usd  ,02/09/2026 22:32:41
o001406,  C0074,  Sku015,Delivered ,$162.39, Usd  ,2026-09-02 08:19:20
  O001432 , c0149 , SKU012,  DELIVERED  ,$855.56,  Aud,02/09/2026 03:47:56
  O001075,  C0250,  sku001  , SHIPPED  , 449.66 ,  AUD ,2026-09-02 12:14:38
O001407  ,C0142  ,SKU002,delivered  , 1093.42 ,  NZD  ,02/09/2026 14:10:44
 O001110  ,  C0081,  SKU012 ,  shipped  ,"$1,284.21",  NZD  ,02/09/2026 04:47:28
  O001213 ,C0147  ,  SKU001, DELIVERED ,1054.24,  usd  ,2026-09-02 21:13:02
  O001232 , C0223 ,  Sku005  ,  delivered,$516.16, NZD  ,2026-09-02 18:13:20
 O001303 ,  C0198 ,Sku007, Delivered ,1216.76, Aud  ,2026-09-02 09:22:39
 O001951 , C0001,Sku008,shipped , 43.37 ,  Usd ,2026-09-02 20:40:47
 O001918,C0049  ,  SKU012 ,pending , 1083.92 ,  usd ,02/09/2026 03:12:32
  O001838,  C0002  ,  SKU008  , delivered,"$1,489.28",  USD ,02/09/2026 01:07:36
  O001817, C0006,  SKU008,DELIVERED ,1408.43,Aud,02/09/2026 19:42:56
 O001720,C0043 ,  Sku011 , shipped ,$46.86, Aud,02/09/2026 17:59:50
  O001651 ,C0206 ,  Sku010  , Shipped ,$901.43,  nzd,2026-09-02 16:32:55
 O001236  ,C0269 ,SKU015 , delivered ,"$1,013.68",AUD  ,02/09/2026 18:59:45
O001224 , C0281 , Sku016  , Delivered ,$596.38,  Aud ,2026-09-02 20:29:00
  o001728  ,C0191 ,Sku020,delivered , 429.09 , Aud ,2026-09-02 17:01:13
o001571 ,  C0120,Sku006 , pending  , 237.69 ,NZD  ,2026-09-02 23:44:09
 o001370  ,C0014 ,  SKU004 ,  pending,$288.46,  AUD  ,02/09/2026 18:50:14
  O001949 ,  C0253  ,SKU001  , shipped  ,"$1,037.68",USD  ,02/09/2026 04:54:22
  O001748  ,C0120,  sku018 ,Delivered  ,"$1,007.37", Nzd,2026-09-02 19:08:13
O001141  , c0057  ,SKU002,shipped  ,1227.51,  AUD,2026-09-02 15:26:31
  o001830  ,C0080 ,SKU017  , Shipped  ,$466.73,NZD  ,02/09/2026 00:31:23
o001735 ,  C0144,  SKU012 , Pending,$829.23,  NZD,02/09/2026 04:16:20
o001008 , C0219,SKU003 , shipped  , 626.54 , NZD ,2026-09-02 09:58:29
 o001903  ,C0066,  sku011  ,pending, 1491.70 ,Nzd ,02/09/2026 13:36:09
O001143  , C0071, Sku005,PENDING,"$1,158.83", AUD ,2026-09-02 19:18:28
 O001837  ,  C0167 , SKU001,pending , 529.06 ,Aud,02/09/2026 14:11:49
O001094,  c0204 ,SKU002  , PENDING  , 803.23 , NZD,02/09/2026 12:26:21
  O001045,c0063  , Sku009,  pending ,"$1,213.89",NZD  ,02/09/2026 01:44:22
 o001901  ,  c0278  , Sku003  ,delivered  ,844.95, AUD,2026-09-02 22:25:37
  O001914,  C0155,SKU011 , PENDING, 552.93 ,  USD  ,02/09/2026 16:05:10
  O001637 ,  C0099 ,  sku015  , shipped ,892.56,aud,2026-09-02 11:50:32
 O001356  ,c0259 ,  SKU004,  SHIPPED, 281.89 , AUD  ,02/09/2026 05:44:22
, C0278 , SKU012,delivered  ,1111.19,NZD,2026-09-02 00:10:44
 o001047  ,  c0057 , Sku017  ,  delivered ,$233.93, aud  ,2026-09-02 13:35:57
  O001877,C0218 ,SKU007 ,Shipped  ,211.83,USD  ,2026-09-02 02:56:13
O001502  , C0080  ,sku017, pending ,744.79,  NZD  ,02/09/2026 13:18:23
O001282  ,  C0257 ,  sku015,  shipped, 1085.27 ,Aud,2026-09-02 04:42:38
 O001617 , C0195 ,  SKU011  ,delivered, 548.39 ,USD,02/09/2026 01:10:48
  O001875 ,  c0164  , Sku019,  shipped,"$1,382.26", usd,2026-09-02 17:48:40
  O001839,C0053,sku020, Pending  , 695.39 ,usd ,02/09/2026 00:06:43
O001444  ,  C0142,sku009,  pending,592.63,  Aud,02/09/2026 07:50:57
O001041 , C0023  ,SKU011, delivered , 1493.79 , usd ,2026-09-02 23:23:36
  O001950 ,  C0128,  Sku014 ,  Shipped ,$128.59,NZD,2026-09-02 14:06:14
  O001509,C0069 ,  SKU016 ,pending ,609.83, NZD,2026-09-02 00:21:48
O001411,C0291 ,  SKU012 ,pending,716.04,  Aud ,2026-09-02 07:37:51
  O001567  ,C0254 ,Sku015  , delivered ,$224.05,  NZD ,02/09/2026 00:01:18
  O001218, C0036,sku016,SHIPPED, 19.98 , AUD ,2026-09-02 23:51:17
o001190 , C0136  ,SKU011,  shipped  ,$848.71,  aud,02/09/2026 21:01:41
O001792 ,C0147  ,  SKU015 ,  SHIPPED  ,"$1,387.54",NZD  ,02/09/2026 13:49:31
 O001709, C0163,SKU016  ,  DELIVERED,$114.24,Aud,2026-09-02 18:42:23
  o001448  ,  c0035 , sku017,  SHIPPED, 165.01 ,  Nzd ,02/09/2026 18:11:36
  O001703,  C0107 ,  sku016  ,  shipped  ,349.85,  NZD ,2026-09-02 15:44:08
 O001912  ,  C0106  , Sku010 ,  delivered  , 587.48 ,  NZD ,2026-09-02 18:48:55
  O001453  ,  c0159, sku018  ,  shipped ,$648.85,  AUD ,02/09/2026 00:10:38
  o001380 ,c0033,SKU017 ,  pending ,981.8, USD,2026-09-02 20:45:37
O001802,  C0087 ,SKU005 ,Delivered  ,$816.20, AUD,2026-09-02 00:39:19
  o001883  ,C0252  ,sku005 , shipped, 1077.44 , NZD  ,2026-09-02 15:14:22
  O001289, C0111 ,Sku020 ,pending, 298.75 ,AUD ,02/09/2026 00:24:14
O001435,  C0186 ,  SKU004,  pending  ,1449.25,NZD,2026-09-02 16:39:35
o001694 , C0245,  SKU014 ,Shipped  ,1280.99, Nzd ,2026-09-02 17:06:46
, C0292, sku013 ,  delivered,$410.25,  Usd,2026-09-02 09:19:52
 O001926,  C0136 ,Sku008  ,Delivered  , 94.87 ,  nzd  ,02/09/2026 21:20:14
 O001348, C0007,  SKU016  ,delivered  ,"$1,321.46",  Usd,02/09/2026 11:39:47
O001212, C0105,  SKU002 ,PENDING  , 205.85 ,USD  ,02/09/2026 22:57:43
 O001064  , C0199 ,  sku004,  Delivered  , 119.52 ,  AUD ,2026-09-02 12:40:04
 O001078,C0130  ,SKU013, pending  ,$328.86,  Usd  ,2026-09-02 12:34:00
 O001806 ,C0164  , sku017  , shipped ,"$1,054.75",aud,02/09/2026 01:00:26
 O001783 ,  C0219,  sku013  ,  pending, 156.93 ,  aud,2026-09-02 16:59:17
O001873 ,  C0195,SKU002 ,  shipped  ,94.78, nzd  ,2026-09-02 16:32:15
  o001960,  C0020  , sku006  , Pending  ,574.2,USD  ,02/09/2026 06:33:23
 O001592 ,C0126 ,  Sku019 ,  Delivered , 790.76 ,  AUD  ,2026-09-02 08:47:13
 O001674  ,C0094  ,SKU016,delivered  ,$692.12,AUD  ,02/09/2026 12:40:43
 o001403,  C0023,Sku003 ,  pending ,$93.49,nzd,2026-09-02 22:22:23
  O001351,C0252 ,SKU015 ,  DELIVERED  ,954.7, Aud  ,02/09/2026 21:38:58
 O001184  ,  C0001, Sku017,DELIVERED ,1028.68,  usd ,2026-09-02 17:41:27
 O001699 ,  c0111  ,Sku001  ,pending  ,$675.63, Usd,02/09/2026 17:07:39
O001451  ,c0009,  sku020 ,shipped , 544.47 ,  Aud  ,02/09/2026 05:24:37
 O001521 ,C0009 ,  SKU007  , pending , 667.37 , usd ,02/09/2026 10:44:57
  O001739  , C0203  ,Sku005,  Delivered  ,$7.76,AUD ,02/09/2026 18:27:34
  o001584 ,  C0166  ,  Sku017  ,  delivered, 866.18 , AUD  ,2026-09-02 11:22:12
  o001614  ,  c0187 ,Sku007, shipped , 663.51 ,Usd ,02/09/2026 19:15:00
O001475 , C0178, SKU005,DELIVERED, 361.90 , Usd,02/09/2026 02:49:10
 O001653,C0257, sku001,SHIPPED ,291.84,NZD ,2026-09-02 08:36:35
  o001911  ,  C0056  ,  sku013, delivered,"$1,046.61",  Nzd ,02/09/2026 16:46:35
O001400 , c0254,sku011 , Pending , 1309.67 , Aud ,2026-09-02 18:30:47
O001468,c0227,SKU008, delivered,$208.91,  Usd,2026-09-02 06:49:22
  O001565 ,C0209  ,sku011  , PENDING  , 669.70 , NZD  ,02/09/2026 13:20:01
  o001305 ,  C0023  ,Sku016  ,SHIPPED ,$167.93, USD ,02/09/2026 21:42:41
O001933  ,  C0177 , sku016  , delivered  ,$339.82,aud  ,2026-09-02 06:57:26
 o001053,c0270  , SKU013, Pending ,1480.19,  Nzd  ,2026-09-02 17:41:37
 O001428,c0231,  sku013, Pending ,1225.18,nzd,02/09/2026 15:45:57
o001125 ,  C0142 , sku016 ,shipped,$922.47,  usd  ,02/09/2026 21:15:07
O001663 , c0271,  SKU005  ,  delivered  ,345.55,  aud,02/09/2026 02:16:25
  O001024  ,C0103  ,  SKU010 , pending , 116.82 , Aud  ,2026-09-02 17:09:19
 O001476  ,c0031 , SKU004,Pending,1037.66, NZD ,2026-09-02 04:50:57
  O001826  , C0261,Sku020 ,Pending  ,1127.33,Aud ,02/09/2026 04:43:40
O001132,  C0034 , sku018,shipped ,$523.48, AUD ,2026-09-02 14:26:20
  o001741 ,  c0064 , SKU002  , SHIPPED , 96.25 ,  usd ,02/09/2026 07:43:24
 O001846, C0270 , Sku007 ,  delivered  ,"$1,047.59",  NZD,02/09/2026 23:34:09
  o001618  ,  C0209 ,  SKU011,  pending , 305.66 ,  AUD ,02/09/2026 07:05:26
 O001887  ,C0194  , Sku005 ,shipped ,$716.73,  NZD ,2026-09-02 07:29:25
o001865,  C0191  ,sku013  , pending  ,"$1,100.65",  Nzd,2026-09-02 16:06:48
 O001372,C0102 ,sku019 ,pending,741.76,  USD,02/09/2026 15:31:56
 O001028  ,  C0189,SKU013  , SHIPPED ,"$1,466.99",nzd ,02/09/2026 21:20:30
o001680 , C0144 ,sku016 ,  SHIPPED,888.56,Nzd ,2026-09-02 20:08:46
  O001681 ,C0253  , sku002  ,  shipped,"$1,335.58",Usd  ,2026-09-02 14:37:17
  O001505  , C0251 ,Sku017  , delivered  ,1380.88,Nzd ,2026-09-02 12:55:38
 O001480 ,C0246,SKU019 ,delivered  ,1376.35,  Aud  ,2026-09-02 08:32:30
O001644  ,  C0207  ,sku009, shipped  ,1227.25,  USD ,2026-09-02 05:44:06
  o001467 , C0026  , SKU001 ,pending , 983.61 , USD,2026-09-02 08:16:22
 O001248  , C0183 , SKU010,  PENDING ,1092.68,  NZD  ,2026-09-02 05:14:44
  O001940 ,C0036 ,SKU002  ,delivered ,"$1,453.51",USD,02/09/2026 02:14:51
 O001083 , c0054 ,Sku004  ,Pending,727.72,  Aud  ,02/09/2026 20:58:34
  O001946,  C0014  ,  SKU020  ,  delivered, 1025.46 ,  usd  ,2026-09-02 04:09:36
  o001306  , C0165, SKU015,  Pending ,558.69, usd ,2026-09-02 17:13:24
 o001301, C0003 ,  sku018, delivered,411.52,USD  ,02/09/2026 19:05:10
  O001910,  C0187,sku020  , Pending  ,$490.56,NZD  ,2026-09-02 10:10:22
 o002000  ,  C0107 ,SKU008, PENDING  , 37.33 ,usd ,02/09/2026 15:16:59
o001066,C0066 ,SKU005  ,delivered ,$808.88,  usd,2026-09-02 09:50:01
O001211 ,c0161,SKU005 , Delivered  ,"$1,280.30", usd,2026-09-02 13:21:39
 o001111 , C0131 ,SKU003  , PENDING ,1070.29,USD ,2026-09-02 17:07:42
 O001114 , C0077, SKU016  ,delivered  , 788.09 , usd  ,2026-09-02 20:17:22
O001015 , C0043 , Sku003  ,  delivered , 1445.17 ,  AUD  ,02/09/2026 07:49:26
O001016 , C0011  ,  Sku004  , delivered , 738.62 ,  NZD ,02/09/2026 10:39:02
O001220,C0255, Sku017 , shipped  ,118.01, usd  ,2026-09-02 23:45:01
 O001065 , C0051, Sku013,  delivered  , 236.68 ,Usd ,2026-09-02 13:17:42
O001280  ,c0074 ,SKU007 ,  PENDING,1136.52,usd,2026-09-02 17:59:08
  O001905  , C0082 ,  SKU010  ,  pending,720.37,USD  ,02/09/2026 10:30:59
  O001888 , C0130  ,SKU009 , delivered,639.71, NZD  ,2026-09-02 06:37:48
 O001219 , C0221  ,Sku001,  Shipped,117.69, NZD,02/09/2026 18:54:17
 o001061 ,  C0169  , sku012  , pending ,$323.35,  NZD ,2026-09-02 11:26:06
  o001228 ,C0102,SKU010,  Shipped,411.22, USD,02/09/2026 11:27:36
  o001939, c0236  ,sku017, Shipped  ,"$1,102.61",AUD ,2026-09-02 02:31:08
 O001724, C0020 ,  sku003, delivered , 1312.87 ,Nzd ,2026-09-02 06:07:52
O001136 , C0056  , Sku016,  Pending,42.69,  Usd ,2026-09-02 07:41:11
o001379 ,  C0172 ,  SKU001,PENDING  ,$100.13,NZD  ,02/09/2026 08:38:30
O001765 ,  c0296,SKU011,  Pending, 724.06 ,  AUD,02/09/2026 10:20:32
 O001363,c0087 , Sku005, pending ,377.19,  USD  ,2026-09-02 10:21:28
 o001290 ,C0136 ,SKU007, DELIVERED  ,$783.01, NZD  ,2026-09-02 10:05:22
 o001105 ,  C0209 ,  SKU003,  Shipped , 469.71 ,  USD  ,02/09/2026 05:18:10
 O001244  ,C0077  ,sku009 ,  Pending,$601.37,NZD ,02/09/2026 17:25:35
  o001109  , C0046,  SKU012  , pending , 488.43 ,nzd,2026-09-02 18:09:19
 O001756  ,  c0117, sku008 ,  shipped  ,1462.97,  Usd ,02/09/2026 21:35:44
O001519,c0205,Sku015 ,  delivered , 283.70 , USD,02/09/2026 07:35:00
O001947 , C0132  , SKU020,  Pending  ,1201.38, Aud ,2026-09-02 09:38:13
O001845 , C0036 ,  Sku006 ,SHIPPED ,1187.25, AUD ,02/09/2026 10:00:02
 O001335,C0244  ,SKU014 ,  shipped ,1066.2,NZD ,2026-09-02 07:27:25
 o001627  ,C0164  ,SKU011 , shipped,672.99,usd ,02/09/2026 07:41:26
o001935,  C0053 , Sku004  ,  pending  , 1002.91 ,usd  ,02/09/2026 13:23:48
 O001033 ,  c0039,  SKU006, SHIPPED  , 1468.87 ,  USD  ,02/09/2026 12:01:32
 O001145  , C0072  ,  sku018  ,pending,1328.61,aud  ,02/09/2026 23:07:19
O001262,  C0267 ,  sku020,  SHIPPED , 324.64 ,Aud  ,2026-09-02 13:34:24
 O001722  ,  C0091  ,SKU012  ,  shipped  ,729.46, usd  ,2026-09-02 08:05:04
 o001243,C0116  , SKU002 ,Shipped ,190.14, AUD  ,02/09/2026 14:09:39
 O001650 ,C0170 ,  SKU006  , Delivered ,$895.29,  AUD,2026-09-02 07:32:39
 O001656,c0081,SKU014  , Shipped,549.11, AUD ,2026-09-02 13:26:16
 O001104 ,C0087  ,SKU006  ,  pending,1154.41, NZD ,02/09/2026 05:57:13
  O001778,C0272  ,Sku013 , Delivered  ,1030.78,usd,02/09/2026 06:26:35
 O001985  , C0016,sku013  ,PENDING,"$1,128.13", AUD ,02/09/2026 15:01:08
o001384,C0034 , sku002  ,delivered,$443.46,Aud  ,2026-09-02 14:23:06
 O001172  , C0201 , SKU004  ,delivered, 164.34 ,  AUD  ,2026-09-02 20:31:27
O001460  ,  C0126, SKU004 ,DELIVERED ,1160.61,  usd,02/09/2026 17:41:35
 O001893 ,  C0165 ,  SKU013,PENDING  , 754.35 ,USD  ,not-a-date
  O001076,c0006 ,SKU015,  Shipped  ,$265.20,  NZD  ,2026-09-02 12:05:30
 O001619 ,C0167  , Sku016, PENDING , 978.51 ,Usd  ,2026-09-02 20:05:55
O001154  ,C0025  ,  SKU001 ,  PENDING ,$629.26, AUD ,2026-09-02 16:26:57
 O001993,  C0171,  SKU015  ,  pending ,"$1,430.26", Usd ,2026-09-02 10:31:46
 O001964  ,  C0259, sku020  ,  pending  ,$754.55,  nzd ,02/09/2026 05:49:40
  o001666 , c0058 ,Sku018, DELIVERED  ,$343.45,Usd ,02/09/2026 00:29:54
O001060, c0118 , sku010 , SHIPPED , 1441.53 , Usd,2026-09-02 08:45:08
o001538  , C0297  ,SKU009 ,shipped ,144.91,Usd,02/09/2026 18:16:11
 O001569 ,  C0164,  SKU017, delivered  ,"$1,493.43", NZD  ,02/09/2026 09:55:44
O001171, C0300, Sku008, Shipped , 537.33 ,  usd ,02/09/2026 13:24:13
  o001673,c0261  ,  SKU015 , Delivered  ,$927.57, AUD ,02/09/2026 22:26:38
O001987 ,  C0021  ,  Sku004, shipped  ,1333.49,NZD ,02/09/2026 13:22:55
O001482 ,C0076 ,SKU003,shipped,1369.55,USD ,2026-09-02 21:45:44
 O001963,C0085 , Sku016  ,Shipped,"$1,405.44", USD ,2026-09-02 12:26:52
  O001780,  c0216 , SKU011  ,SHIPPED  , 853.14 , AUD,2026-09-02 23:17:49
 O001990  ,C0155,  sku018,Pending  , 308.37 , Usd,2026-09-02 14:29:16
 O001140 ,  C0129  , SKU005, PENDING,1044.33,NZD  ,02/09/2026 03:36:23
 O001304,  c0202,  SKU014  ,delivered,58.9,USD  ,2026-09-02 07:57:07
O001553 , c0103  , Sku009 ,Shipped, 593.54 , Nzd  ,02/09/2026 18:21:16
 O001127 ,  C0135  ,SKU004  ,  PENDING ,"$1,144.06",  Usd  ,02/09/2026 20:53:22
  o001199 ,C0025 , Sku013  ,  delivered, 119.13 ,  NZD  ,02/09/2026 10:52:45
 O001486 ,C0161 ,  SKU016 , pending,863.45,nzd  ,2026-09-02 21:52:30
 O001095  ,  c0133  ,  SKU011  ,delivered ,"$1,466.80",  NZD,2026-09-02 05:35:23
O001137  ,  c0233 ,  sku007, PENDING  ,1303.97,  Usd ,2026-09-02 15:34:02
 O001139 ,  C0063  ,Sku013, delivered ,510.48,AUD  ,2026-09-02 14:18:57
  O001317 ,C0059 , SKU011 , pending , 48.58 , USD ,2026-09-02 20:49:47
  O001628, C0156  ,  sku019 ,delivered  , 178.06 ,aud  ,2026-09-02 13:47:53
O001246  ,C0028 ,SKU001,  shipped  , 1040.31 ,  USD ,2026-09-02 11:21:59
  o001256  ,  c0030  ,SKU020 ,Delivered  ,$37.74, usd ,02/09/2026 07:12:09
o001425  ,C0158 ,  SKU003 ,PENDING  ,$258.00,NZD,02/09/2026 18:25:09
O001624 , C0231, SKU001,DELIVERED ,$726.81,  AUD,02/09/2026 18:57:28
 O001167  , c0264  ,  SKU007 ,  Delivered  ,775.04, USD ,2026-09-02 22:48:59
 O001972 ,C0134  , SKU001 , Pending,338.94,  AUD ,2026-09-02 17:09:07
O001794, C0106,Sku009  ,  DELIVERED  , 1247.19 , nzd,2026-09-02 09:47:15
  O001721  ,C0220  , SKU016  ,shipped,1199.32,NZD ,02/09/2026 15:46:55
 O001357  , C0221 ,  Sku011  ,  Delivered, 1190.44 , Aud,02/09/2026 20:40:04
  O001594  , C0144 ,  Sku015 ,  pending ,$743.01,AUD,02/09/2026 20:47:15
 o001311,c0162 ,SKU019  ,DELIVERED  ,38.86,AUD  ,2026-09-02 06:46:44
,  C0150  , SKU016,pending , 157.99 ,  NZD,2026-09-02 00:14:35
 O001091  , C0040 , SKU009,SHIPPED  ,1208.93, AUD,02/09/2026 20:39:28
 O001336  , C0042,Sku017  ,  shipped  , 526.31 ,Nzd,02/09/2026 23:49:22
 o001339 , c0206, Sku003, SHIPPED  ,1452.13,  Nzd,2026-09-02 12:22:12
  O001374  , C0120  ,  SKU019  ,  Shipped  , 480.64 ,  Usd,2026-09-02 06:44:45
  o001084 ,  c0260 , SKU011 ,  PENDING  , 1415.08 ,Nzd,2026-09-02 00:54:01
 o001880  ,c0007 ,Sku015 , pending  , 1404.18 ,aud  ,02/09/2026 19:26:49
O001992 , C0158  , sku018 ,  Shipped  ,1113.92,USD  ,2026-09-02 20:26:53
O001841 ,  C0268 ,SKU010 ,Delivered  ,$79.04, AUD ,2026-09-02 14:44:08
O001750 ,  C0040,SKU005  , Shipped , 620.65 , nzd ,02/09/2026 10:23:23
  o001512  ,C0078  ,  SKU001 ,  shipped, 1252.70 ,  AUD,2026-09-02 19:39:44
o001574 , C0205  ,  Sku008 , SHIPPED  , 648.04 ,  nzd ,02/09/2026 01:16:26
 O001874 ,  C0273 , sku002 ,delivered  ,$159.78, USD  ,02/09/2026 03:27:35
  O001910,  C0187,sku020  , Pending  ,$490.56,NZD  ,2026-09-02 10:10:22
 O001462  ,C0017,SKU009 ,pending , 72.74 ,AUD ,2026-09-02 08:38:38
  o001743,C0256,  Sku018  ,Pending , 1263.27 , AUD ,02/09/2026 07:42:21
O001350  ,  C0269,SKU015  ,  Delivered  ,"$1,235.45", Nzd ,2026-09-02 18:03:00
O001917,C0249, sku013 ,  Shipped,"$1,246.13",Aud,2026-09-02 09:58:06
O001920 ,  C0272  ,SKU020 , delivered,$711.49,  aud  ,2026-09-02 23:06:12
O001079, c0113  ,Sku011  ,delivered ,$682.33,Usd ,02/09/2026 17:56:29
 O001583,  C0116  , sku001 ,  delivered ,1494.27,  NZD  ,02/09/2026 09:52:28
O001373 ,c0190 , sku003,  DELIVERED,"$1,032.82", Aud  ,02/09/2026 21:47:06
O001836  , C0247 ,  sku016  ,  SHIPPED ,545.2, USD,02/09/2026 05:01:40
 O001050, C0138  ,Sku020  ,  shipped,535.32,  nzd  ,2026-09-02 11:35:19
O001121 ,C0282 ,SKU007,  DELIVERED,"$1,270.41",USD,02/09/2026 14:37:00
 O001928,  C0066,Sku016  , shipped  ,1365.12,  Aud ,02/09/2026 12:10:25
  o001286,C0256,SKU020, shipped  , 328.37 , NZD,2026-09-02 15:54:52
  O001469  , c0021, SKU012, Pending  ,270.62, aud  ,02/09/2026 01:30:33
O001185,C0232  ,Sku005,delivered  , 1368.28 ,USD ,2026-09-02 15:00:38
O001493 ,C0086,  Sku001 ,Shipped  ,$92.15,  NZD ,2026-09-02 12:53:41
 O001504 , c0212 , SKU004 ,  DELIVERED  , 996.44 ,AUD  ,02/09/2026 00:27:28
 O001702  ,C0177,  Sku002,shipped,584.13,  aud  ,02/09/2026 02:41:33
 O001026,  C0036,  sku002, Pending ,370.54,Usd ,02/09/2026 11:12:06
 o001085,  C0210  ,Sku018 , Shipped  ,53.55,  NZD ,02/09/2026 16:07:26
o001179  , c0296 ,  SKU018 ,  pending , 1352.60 , aud,02/09/2026 09:25:06
 O001494,C0097,  SKU007  ,  shipped , 762.86 , usd,2026-09-02 10:26:38
  O001447 , C0216 ,  Sku007, delivered ,278.16,Aud ,02/09/2026 10:27:03
  o001331  , c0139  ,SKU002 ,  delivered , 1014.21 ,  nzd ,2026-09-02 02:20:30
  O001152 ,  C0077 ,  sku006, DELIVERED  , 709.49 ,Aud  ,2026-09-02 00:14:22
 O001397  ,  C0066 ,  SKU006 , PENDING ,"$1,466.72",AUD ,02/09/2026 11:15:39
  O001231 , c0216  , Sku006  ,delivered, 1392.14 ,  Nzd  ,02/09/2026 12:02:28
  O001547, C0178, sku001  , delivered  , 652.28 ,NZD  ,02/09/2026 03:25:58
 O001437, C0218,sku014  , pending, 949.36 ,AUD  ,2026-09-02 08:35:09
 O001069  , c0086 , Sku011  , pending , 1208.24 ,AUD ,2026-09-02 03:00:27
 O001977,  C0180 , SKU015 ,  SHIPPED  ,685.79,Usd,2026-09-02 17:29:30
 O001528 ,C0159  ,  SKU001,DELIVERED  , 321.04 ,  USD  ,02/09/2026 22:16:42
  O001161  ,C0093  , SKU002  ,PENDING  ,1105.47, nzd ,02/09/2026 12:50:19
O001269,C0056,Sku019  , Shipped,1290.69, NZD ,02/09/2026 01:45:44
 O001732 ,C0002, Sku016  , PENDING  , 949.03 , nzd,02/09/2026 01:31:07
O001924  ,C0196,SKU008,  Pending, 888.83 ,nzd  ,02/09/2026 03:18:35
O001909,C0147 ,  sku010,  shipped ,12.06,NZD  ,02/09/2026 04:18:21
 O001766 ,C0254,SKU011,  Shipped , 1320.15 ,  nzd  ,02/09/2026 22:26:14
O001616  ,  C0281,SKU019 , pending , 705.21 ,  usd,02/09/2026 13:35:30
O001007  ,c0159 ,  SKU010  , Delivered ,$254.79,NZD  ,02/09/2026 20:07:29
O001368,  c0003 ,  Sku004  , Pending ,1231.72,  aud,2026-09-02 01:06:41
 O001615  ,C0290,  SKU011 , Pending ,510.4,Aud  ,02/09/2026 09:08:15
O001980  , C0234, SKU018, delivered,"$1,038.71", nzd,02/09/2026 07:00:02
  o001342  ,  c0076,SKU009  ,shipped  , 595.73 , AUD  ,02/09/2026 09:39:02
  o001013, C0246 , SKU001 ,SHIPPED,855.27, aud,02/09/2026 22:01:45
 O001643,c0096,SKU002,  shipped  ,$116.24,  AUD,2026-09-02 04:29:39
 O001782  ,C0254  ,  Sku018,  Pending, 1330.29 , usd,2026-09-02 22:47:27
 O001573 ,C0005,  sku012  ,  Pending, 935.47 ,  aud ,2026-09-02 13:35:52
O001733 ,C0104 , SKU002,shipped,"$1,403.70",Usd  ,2026-09-02 13:27:28
 O001864, C0123  ,  sku009 ,  pending ,"$1,097.51",  USD ,2026-09-02 23:01:36
  O001677  , C0058,sku014  , shipped  , 832.18 , usd  ,02/09/2026 05:07:03
  O001515, C0065 ,  Sku015,delivered  , 497.04 , Usd,2026-09-02 16:26:35
  o001200 ,  C0091  ,sku011  ,  PENDING  ,116.81, aud,02/09/2026 06:14:19
o001313,c0084,  SKU001  ,  shipped ,$221.52,AUD ,02/09/2026 22:51:47
 O001056 ,  C0263  ,  SKU009  , Shipped , 1123.34 ,nzd,02/09/2026 00:05:31
  O001645 ,C0049  ,Sku012, Pending, 371.37 , nzd,02/09/2026 03:09:09
  o001604  , C0127 ,  Sku020, delivered  , 549.24 , NZD,02/09/2026 05:49:43
  O001665, C0244  ,  SKU004 ,  Pending  , 963.87 , aud  ,02/09/2026 10:34:49
 O001263  , C0016  ,  SKU003 ,pending ,"$1,283.78",aud ,02/09/2026 12:52:55
o001489 ,  C0208 , sku012,  delivered  ,506.54,  aud  ,2026-09-02 10:03:50
O001752  ,C0102  ,Sku006,delivered  ,619.26,aud  ,02/09/2026 14:26:54
 O001023  , C0098,sku015, Delivered ,$691.16, USD  ,2026-09-02 09:14:19
 O001508  , C0210  ,SKU007 , pending ,858.77,AUD,2026-09-02 08:10:21
 O001805 ,C0077  ,SKU010 , shipped ,718.2,AUD  ,2026-09-02 03:23:57
 o001175  , C0073,  Sku014,Delivered  ,$29.01, USD  ,2026-09-02 06:41:25
 O001169  ,c0098  ,  sku007,PENDING,"$1,068.26",  USD ,02/09/2026 11:42:25
O001896 ,C0204  , SKU017  ,PENDING,$720.16, Usd  ,2026-09-02 05:50:04
  O001393 ,C0015  , SKU015, pending , 204.50 , AUD ,02/09/2026 13:41:50
, C0188 , Sku008  ,  SHIPPED  ,"$1,105.12", Usd ,02/09/2026 06:47:49
