# 2026-10-01T06:00:37Z endpoint=duckdb format=iceberg schema=duck_nb client=sqlframe 4.4.0 engine=duckdb 1.5.5 | 24 PASS, 16 FAIL, 1 WRONG of 41
check,status,secs,detail
CREATE SCHEMA IF NOT EXISTS,FAIL,0.0,AttributeError: 'NoneType' object has no attribute 'copy'
USE SCHEMA,FAIL,0.0,ValueError: Unknown expression type provided in the SQL. Please create an issue with the SQL.
SHOW NAMESPACES lists it,FAIL,0.0,ValueError: Unknown expression type provided in the SQL. Please create an issue with the SQL.
catalog.currentDatabase,FAIL,1.9,ValueError: Database 'duck_nb' not found
catalog.listTables,PASS,8.0,
createDataFrame (rows),PASS,0.0,
createDataFrame (pandas),PASS,0.0,
range + filter,PASS,0.0,
withColumn + select,PASS,0.1,
groupBy + agg,PASS,0.0,
join inner / left / anti,PASS,0.2,
union + distinct,PASS,0.1,
dropDuplicates,PASS,0.1,
orderBy desc + limit,PASS,0.0,
pivot,PASS,0.0,
fillna,PASS,0.0,
explode,PASS,0.0,
window row_number,PASS,0.1,
toPandas,PASS,0.0,
temp view,PASS,0.0,
CTE,PASS,0.0,
window running sum,PASS,0.0,
CASE WHEN,PASS,0.0,
date functions,WRONG,0.0,"got (datetime.datetime(2026, 10, 1, 0, 0), 115, '2026-09'), expected (datetime.date(2026, 10, 1), 115, '2026-09')"
try_cast,PASS,0.0,
string functions,PASS,0.0,
arrays and maps,PASS,0.0,
GROUPING SETS,PASS,0.0,
Python UDF,FAIL,0.0,AttributeError: module 'sqlframe.duckdb.functions' has no attribute 'udf'
pandas UDF,FAIL,0.0,AttributeError: module 'sqlframe.duckdb.functions' has no attribute 'pandas_udf'
udf.register + SQL,PASS,0.0,
DROP TABLE IF EXISTS,FAIL,0.0,ValueError: Unknown expression type provided in the SQL. Please create an issue with the SQL.
"saveAsTable (append, new table)",FAIL,8.5,"CatalogException: Catalog Error: Table with name nb_orders does not exist! Did you mean ""pg_catalog.pg_indexes""?"
DESCRIBE TABLE,FAIL,0.0,ValueError: Unknown expression type provided in the SQL. Please create an issue with the SQL.
INSERT INTO VALUES,FAIL,0.0,AttributeError: 'Values' object has no attribute 'ctes'
INSERT OVERWRITE,FAIL,21.8,SchemaError: Table duck_nb.nb_orders must match the schema's nesting level: 1.
MERGE upsert,FAIL,0.0,AttributeError: 'Merge' object has no attribute 'ctes'
UPDATE,FAIL,0.0,ValueError: Unknown expression type provided in the SQL. Please create an issue with the SQL.
DELETE,FAIL,0.0,ValueError: Unknown expression type provided in the SQL. Please create an issue with the SQL.
writeTo().append(),FAIL,0.0,"UnsupportedOperationError: Tried to call a column which is unexpected. Did you mean to call a method on a DataFrame? If so, make sure the method is typed correctly and is supported. If not, please open an issue requesting support: https://github.com/eakmanrq/sqlframe/issues"
CREATE TABLE PARTITIONED BY + INSERT,FAIL,0.0,ValueError: Unknown expression type provided in the SQL. Please create an issue with the SQL.
