# 2026-10-01T06:47:50Z endpoint=fabric format=delta schema=local_nb client=livy engine=4.1.1 c9df16047cb2570aec895cd4718f04025913e19f | 41 PASS of 41
check,status,secs,detail
CREATE SCHEMA IF NOT EXISTS,PASS,4.2,
USE SCHEMA,PASS,0.1,
SHOW NAMESPACES lists it,PASS,0.2,
catalog.currentDatabase,PASS,0.1,
catalog.listTables,PASS,0.4,
createDataFrame (rows),PASS,1.5,
createDataFrame (pandas),PASS,0.5,
range + filter,PASS,0.3,
withColumn + select,PASS,0.5,
groupBy + agg,PASS,0.9,
join inner / left / anti,PASS,1.8,
union + distinct,PASS,0.4,
dropDuplicates,PASS,0.5,
orderBy desc + limit,PASS,0.5,
pivot,PASS,0.7,
fillna,PASS,0.3,
explode,PASS,0.3,
window row_number,PASS,0.5,
toPandas,PASS,0.3,
temp view,PASS,0.2,
CTE,PASS,0.4,
window running sum,PASS,0.6,
CASE WHEN,PASS,0.2,
date functions,PASS,0.1,
try_cast,PASS,0.1,
string functions,PASS,1.5,
arrays and maps,PASS,0.1,
GROUPING SETS,PASS,0.4,
Python UDF,PASS,1.0,
pandas UDF,PASS,1.1,
udf.register + SQL,PASS,0.1,
DROP TABLE IF EXISTS,PASS,0.3,
"saveAsTable (append, new table)",PASS,10.4,
DESCRIBE TABLE,PASS,0.5,
INSERT INTO VALUES,PASS,4.5,
INSERT OVERWRITE,PASS,5.3,
MERGE upsert,PASS,10.4,
UPDATE,PASS,5.7,
DELETE,PASS,4.5,
writeTo().append(),PASS,4.7,
CREATE TABLE PARTITIONED BY + INSERT,PASS,6.9,
