# 2026-10-01T06:18:41Z endpoint=snowflake format=iceberg schema=TPCH.LOCAL_NB client=pyspark 3.5.6 engine=3.5.6 | 41 PASS of 41
check,status,secs,detail
CREATE SCHEMA IF NOT EXISTS,PASS,1.2,
USE SCHEMA,PASS,1.7,
SHOW NAMESPACES lists it,PASS,3.2,
catalog.currentDatabase,PASS,0.0,
catalog.listTables,PASS,1.8,
createDataFrame (rows),PASS,1.0,
createDataFrame (pandas),PASS,2.7,
range + filter,PASS,3.9,
withColumn + select,PASS,2.3,
groupBy + agg,PASS,2.4,
join inner / left / anti,PASS,3.6,
union + distinct,PASS,1.0,
dropDuplicates,PASS,2.0,
orderBy desc + limit,PASS,2.5,
pivot,PASS,2.2,
fillna,PASS,2.4,
explode,PASS,2.6,
window row_number,PASS,1.0,
toPandas,PASS,1.9,
temp view,PASS,2.3,
CTE,PASS,3.0,
window running sum,PASS,2.4,
CASE WHEN,PASS,2.6,
date functions,PASS,2.3,
try_cast,PASS,4.4,
string functions,PASS,2.4,
arrays and maps,PASS,2.6,
GROUPING SETS,PASS,1.7,
Python UDF,PASS,16.3,
pandas UDF,PASS,11.7,
udf.register + SQL,PASS,8.8,
DROP TABLE IF EXISTS,PASS,2.5,
"saveAsTable (append, new table)",PASS,5.0,
DESCRIBE TABLE,PASS,2.7,
INSERT INTO VALUES,PASS,3.3,
INSERT OVERWRITE,PASS,3.1,
MERGE upsert,PASS,5.5,
UPDATE,PASS,4.8,
DELETE,PASS,1.8,
writeTo().append(),PASS,1.7,
CREATE TABLE PARTITIONED BY + INSERT,PASS,7.0,
